model,group,N,feats_A_variant,feats_B_type,horizon,cknna_k10,mutual_knn_k10
Qwen-GR00T-Bridge,L,6000,vit_raw,proprio_seq_dtw,1,0.033239,0.030267
Qwen-GR00T-Bridge,L,6000,vit_raw,proprio_seq_dtw,3,0.032819,0.030167
Qwen-GR00T-Bridge,L,6000,vit_raw,proprio_seq_dtw,7,0.03442,0.031
Qwen-GR00T-Bridge,L,6000,vit_raw,proprio_seq_dtw,15,0.037555,0.0329
Qwen-GR00T-Bridge,L,6000,vit_raw,proprio_seq_dtw,25,0.040438,0.035017
Qwen-GR00T-Bridge,L,6000,vit_raw,proprio_seq_dtw,40,0.04747,0.039733
Qwen-GR00T-Bridge,L,6000,vit_raw,proprio_seq_dtw,75,0.061051,0.047683
Qwen-GR00T-Bridge,L,6000,vit_raw,proprio_seq_dtw,110,0.073239,0.054733
Qwen-GR00T-Bridge,L,6000,vit_raw,proprio_seq_dtw,150,0.084899,0.060383
Qwen-GR00T-Bridge,L,6000,vit_raw,proprio_seq_dtw,220,0.095698,0.066833
Qwen-GR00T-Bridge,L,6000,pre_llm,proprio_seq_dtw,1,0.032295,0.030683
Qwen-GR00T-Bridge,L,6000,pre_llm,proprio_seq_dtw,3,0.031789,0.030533
Qwen-GR00T-Bridge,L,6000,pre_llm,proprio_seq_dtw,7,0.033458,0.031367
Qwen-GR00T-Bridge,L,6000,pre_llm,proprio_seq_dtw,15,0.036354,0.033233
Qwen-GR00T-Bridge,L,6000,pre_llm,proprio_seq_dtw,25,0.039978,0.035133
Qwen-GR00T-Bridge,L,6000,pre_llm,proprio_seq_dtw,40,0.046253,0.039733
Qwen-GR00T-Bridge,L,6000,pre_llm,proprio_seq_dtw,75,0.059087,0.047567
Qwen-GR00T-Bridge,L,6000,pre_llm,proprio_seq_dtw,110,0.071057,0.054317
Qwen-GR00T-Bridge,L,6000,pre_llm,proprio_seq_dtw,150,0.081985,0.059333
Qwen-GR00T-Bridge,L,6000,pre_llm,proprio_seq_dtw,220,0.092125,0.065583
Qwen-GR00T-Bridge,L,6000,pre_llm_txt,proprio_seq_dtw,1,0.006852,0.007817
Qwen-GR00T-Bridge,L,6000,pre_llm_txt,proprio_seq_dtw,3,0.007003,0.007817
Qwen-GR00T-Bridge,L,6000,pre_llm_txt,proprio_seq_dtw,7,0.00784,0.008383
Qwen-GR00T-Bridge,L,6000,pre_llm_txt,proprio_seq_dtw,15,0.009179,0.0097
Qwen-GR00T-Bridge,L,6000,pre_llm_txt,proprio_seq_dtw,25,0.010352,0.010717
Qwen-GR00T-Bridge,L,6000,pre_llm_txt,proprio_seq_dtw,40,0.0129,0.012717
Qwen-GR00T-Bridge,L,6000,pre_llm_txt,proprio_seq_dtw,75,0.017404,0.015583
Qwen-GR00T-Bridge,L,6000,pre_llm_txt,proprio_seq_dtw,110,0.022625,0.019467
Qwen-GR00T-Bridge,L,6000,pre_llm_txt,proprio_seq_dtw,150,0.026743,0.0217
Qwen-GR00T-Bridge,L,6000,pre_llm_txt,proprio_seq_dtw,220,0.031999,0.025167
Qwen-GR00T-Bridge,L,6000,pre_llm_vt,proprio_seq_dtw,1,0.032294,0.030683
Qwen-GR00T-Bridge,L,6000,pre_llm_vt,proprio_seq_dtw,3,0.031788,0.030533
Qwen-GR00T-Bridge,L,6000,pre_llm_vt,proprio_seq_dtw,7,0.033457,0.031367
Qwen-GR00T-Bridge,L,6000,pre_llm_vt,proprio_seq_dtw,15,0.036353,0.033233
Qwen-GR00T-Bridge,L,6000,pre_llm_vt,proprio_seq_dtw,25,0.039977,0.035133
Qwen-GR00T-Bridge,L,6000,pre_llm_vt,proprio_seq_dtw,40,0.046251,0.039733
Qwen-GR00T-Bridge,L,6000,pre_llm_vt,proprio_seq_dtw,75,0.059086,0.047567
Qwen-GR00T-Bridge,L,6000,pre_llm_vt,proprio_seq_dtw,110,0.071055,0.054317
Qwen-GR00T-Bridge,L,6000,pre_llm_vt,proprio_seq_dtw,150,0.081983,0.059333
Qwen-GR00T-Bridge,L,6000,pre_llm_vt,proprio_seq_dtw,220,0.092122,0.065567
Qwen-GR00T-Bridge,L,6000,img,proprio_seq_dtw,1,0.034329,0.030583
Qwen-GR00T-Bridge,L,6000,img,proprio_seq_dtw,3,0.034362,0.030533
Qwen-GR00T-Bridge,L,6000,img,proprio_seq_dtw,7,0.035425,0.031167
Qwen-GR00T-Bridge,L,6000,img,proprio_seq_dtw,15,0.039032,0.032917
Qwen-GR00T-Bridge,L,6000,img,proprio_seq_dtw,25,0.04282,0.034917
Qwen-GR00T-Bridge,L,6000,img,proprio_seq_dtw,40,0.048955,0.0383
Qwen-GR00T-Bridge,L,6000,img,proprio_seq_dtw,75,0.06233,0.045683
Qwen-GR00T-Bridge,L,6000,img,proprio_seq_dtw,110,0.073757,0.051617
Qwen-GR00T-Bridge,L,6000,img,proprio_seq_dtw,150,0.084307,0.056083
Qwen-GR00T-Bridge,L,6000,img,proprio_seq_dtw,220,0.093355,0.06055
Qwen-GR00T-Bridge,L,6000,txt,proprio_seq_dtw,1,0.018373,0.016133
Qwen-GR00T-Bridge,L,6000,txt,proprio_seq_dtw,3,0.018794,0.0163
Qwen-GR00T-Bridge,L,6000,txt,proprio_seq_dtw,7,0.019224,0.017017
Qwen-GR00T-Bridge,L,6000,txt,proprio_seq_dtw,15,0.022107,0.0186
Qwen-GR00T-Bridge,L,6000,txt,proprio_seq_dtw,25,0.025019,0.019333
Qwen-GR00T-Bridge,L,6000,txt,proprio_seq_dtw,40,0.029802,0.022
Qwen-GR00T-Bridge,L,6000,txt,proprio_seq_dtw,75,0.038659,0.02695
Qwen-GR00T-Bridge,L,6000,txt,proprio_seq_dtw,110,0.046351,0.031317
Qwen-GR00T-Bridge,L,6000,txt,proprio_seq_dtw,150,0.052709,0.0352
Qwen-GR00T-Bridge,L,6000,txt,proprio_seq_dtw,220,0.059116,0.039733
Qwen-GR00T-Bridge,L,6000,imgtext,proprio_seq_dtw,1,0.034491,0.03055
Qwen-GR00T-Bridge,L,6000,imgtext,proprio_seq_dtw,3,0.034488,0.030867
Qwen-GR00T-Bridge,L,6000,imgtext,proprio_seq_dtw,7,0.036336,0.03155
Qwen-GR00T-Bridge,L,6000,imgtext,proprio_seq_dtw,15,0.039577,0.0331
Qwen-GR00T-Bridge,L,6000,imgtext,proprio_seq_dtw,25,0.043279,0.035317
Qwen-GR00T-Bridge,L,6000,imgtext,proprio_seq_dtw,40,0.050962,0.039267
Qwen-GR00T-Bridge,L,6000,imgtext,proprio_seq_dtw,75,0.065127,0.046633
Qwen-GR00T-Bridge,L,6000,imgtext,proprio_seq_dtw,110,0.075838,0.052767
Qwen-GR00T-Bridge,L,6000,imgtext,proprio_seq_dtw,150,0.086246,0.05715
Qwen-GR00T-Bridge,L,6000,imgtext,proprio_seq_dtw,220,0.097176,0.061583
Qwen-GR00T-Bridge-RT-1,L,6000,vit_raw,proprio_seq_dtw,1,0.034038,0.0304
Qwen-GR00T-Bridge-RT-1,L,6000,vit_raw,proprio_seq_dtw,3,0.033724,0.03045
Qwen-GR00T-Bridge-RT-1,L,6000,vit_raw,proprio_seq_dtw,7,0.035463,0.03145
Qwen-GR00T-Bridge-RT-1,L,6000,vit_raw,proprio_seq_dtw,15,0.038898,0.033483
Qwen-GR00T-Bridge-RT-1,L,6000,vit_raw,proprio_seq_dtw,25,0.042111,0.0353
Qwen-GR00T-Bridge-RT-1,L,6000,vit_raw,proprio_seq_dtw,40,0.049018,0.039917
Qwen-GR00T-Bridge-RT-1,L,6000,vit_raw,proprio_seq_dtw,75,0.062318,0.048217
Qwen-GR00T-Bridge-RT-1,L,6000,vit_raw,proprio_seq_dtw,110,0.074924,0.055467
Qwen-GR00T-Bridge-RT-1,L,6000,vit_raw,proprio_seq_dtw,150,0.085934,0.06065
Qwen-GR00T-Bridge-RT-1,L,6000,vit_raw,proprio_seq_dtw,220,0.09679,0.066867
Qwen-GR00T-Bridge-RT-1,L,6000,pre_llm,proprio_seq_dtw,1,0.033574,0.031017
Qwen-GR00T-Bridge-RT-1,L,6000,pre_llm,proprio_seq_dtw,3,0.033019,0.030917
Qwen-GR00T-Bridge-RT-1,L,6000,pre_llm,proprio_seq_dtw,7,0.034538,0.031767
Qwen-GR00T-Bridge-RT-1,L,6000,pre_llm,proprio_seq_dtw,15,0.037616,0.03385
Qwen-GR00T-Bridge-RT-1,L,6000,pre_llm,proprio_seq_dtw,25,0.040907,0.035733
Qwen-GR00T-Bridge-RT-1,L,6000,pre_llm,proprio_seq_dtw,40,0.047157,0.04
Qwen-GR00T-Bridge-RT-1,L,6000,pre_llm,proprio_seq_dtw,75,0.059447,0.04755
Qwen-GR00T-Bridge-RT-1,L,6000,pre_llm,proprio_seq_dtw,110,0.072296,0.054333
Qwen-GR00T-Bridge-RT-1,L,6000,pre_llm,proprio_seq_dtw,150,0.08258,0.059483
Qwen-GR00T-Bridge-RT-1,L,6000,pre_llm,proprio_seq_dtw,220,0.092502,0.064717
Qwen-GR00T-Bridge-RT-1,L,6000,pre_llm_txt,proprio_seq_dtw,1,0.006711,0.007817
Qwen-GR00T-Bridge-RT-1,L,6000,pre_llm_txt,proprio_seq_dtw,3,0.006862,0.0078
Qwen-GR00T-Bridge-RT-1,L,6000,pre_llm_txt,proprio_seq_dtw,7,0.007699,0.008333
Qwen-GR00T-Bridge-RT-1,L,6000,pre_llm_txt,proprio_seq_dtw,15,0.009109,0.009617
Qwen-GR00T-Bridge-RT-1,L,6000,pre_llm_txt,proprio_seq_dtw,25,0.01028,0.01065
Qwen-GR00T-Bridge-RT-1,L,6000,pre_llm_txt,proprio_seq_dtw,40,0.012748,0.012617
Qwen-GR00T-Bridge-RT-1,L,6000,pre_llm_txt,proprio_seq_dtw,75,0.017246,0.015517
Qwen-GR00T-Bridge-RT-1,L,6000,pre_llm_txt,proprio_seq_dtw,110,0.022465,0.019467
Qwen-GR00T-Bridge-RT-1,L,6000,pre_llm_txt,proprio_seq_dtw,150,0.026578,0.021683
Qwen-GR00T-Bridge-RT-1,L,6000,pre_llm_txt,proprio_seq_dtw,220,0.031737,0.0251
Qwen-GR00T-Bridge-RT-1,L,6000,pre_llm_vt,proprio_seq_dtw,1,0.033576,0.031017
Qwen-GR00T-Bridge-RT-1,L,6000,pre_llm_vt,proprio_seq_dtw,3,0.03302,0.030917
Qwen-GR00T-Bridge-RT-1,L,6000,pre_llm_vt,proprio_seq_dtw,7,0.03454,0.031767
Qwen-GR00T-Bridge-RT-1,L,6000,pre_llm_vt,proprio_seq_dtw,15,0.037617,0.03385
Qwen-GR00T-Bridge-RT-1,L,6000,pre_llm_vt,proprio_seq_dtw,25,0.040908,0.035733
Qwen-GR00T-Bridge-RT-1,L,6000,pre_llm_vt,proprio_seq_dtw,40,0.04716,0.04
Qwen-GR00T-Bridge-RT-1,L,6000,pre_llm_vt,proprio_seq_dtw,75,0.05945,0.047533
Qwen-GR00T-Bridge-RT-1,L,6000,pre_llm_vt,proprio_seq_dtw,110,0.072231,0.054317
Qwen-GR00T-Bridge-RT-1,L,6000,pre_llm_vt,proprio_seq_dtw,150,0.082513,0.059467
Qwen-GR00T-Bridge-RT-1,L,6000,pre_llm_vt,proprio_seq_dtw,220,0.092433,0.0647
Qwen-GR00T-Bridge-RT-1,L,6000,img,proprio_seq_dtw,1,0.033015,0.0298
Qwen-GR00T-Bridge-RT-1,L,6000,img,proprio_seq_dtw,3,0.033339,0.030383
Qwen-GR00T-Bridge-RT-1,L,6000,img,proprio_seq_dtw,7,0.034951,0.031083
Qwen-GR00T-Bridge-RT-1,L,6000,img,proprio_seq_dtw,15,0.038478,0.032767
Qwen-GR00T-Bridge-RT-1,L,6000,img,proprio_seq_dtw,25,0.041084,0.03425
Qwen-GR00T-Bridge-RT-1,L,6000,img,proprio_seq_dtw,40,0.046592,0.037883
Qwen-GR00T-Bridge-RT-1,L,6000,img,proprio_seq_dtw,75,0.059131,0.044333
Qwen-GR00T-Bridge-RT-1,L,6000,img,proprio_seq_dtw,110,0.07001,0.049617
Qwen-GR00T-Bridge-RT-1,L,6000,img,proprio_seq_dtw,150,0.078559,0.053083
Qwen-GR00T-Bridge-RT-1,L,6000,img,proprio_seq_dtw,220,0.087876,0.057133
Qwen-GR00T-Bridge-RT-1,L,6000,txt,proprio_seq_dtw,1,0.021697,0.016867
Qwen-GR00T-Bridge-RT-1,L,6000,txt,proprio_seq_dtw,3,0.021333,0.016683
Qwen-GR00T-Bridge-RT-1,L,6000,txt,proprio_seq_dtw,7,0.022379,0.0173
Qwen-GR00T-Bridge-RT-1,L,6000,txt,proprio_seq_dtw,15,0.025752,0.01815
Qwen-GR00T-Bridge-RT-1,L,6000,txt,proprio_seq_dtw,25,0.027906,0.019117
Qwen-GR00T-Bridge-RT-1,L,6000,txt,proprio_seq_dtw,40,0.03194,0.021733
Qwen-GR00T-Bridge-RT-1,L,6000,txt,proprio_seq_dtw,75,0.040398,0.025833
Qwen-GR00T-Bridge-RT-1,L,6000,txt,proprio_seq_dtw,110,0.04831,0.028717
Qwen-GR00T-Bridge-RT-1,L,6000,txt,proprio_seq_dtw,150,0.053441,0.031417
Qwen-GR00T-Bridge-RT-1,L,6000,txt,proprio_seq_dtw,220,0.058182,0.034133
Qwen-GR00T-Bridge-RT-1,L,6000,imgtext,proprio_seq_dtw,1,0.034262,0.0311
Qwen-GR00T-Bridge-RT-1,L,6000,imgtext,proprio_seq_dtw,3,0.034206,0.031533
Qwen-GR00T-Bridge-RT-1,L,6000,imgtext,proprio_seq_dtw,7,0.035318,0.032067
Qwen-GR00T-Bridge-RT-1,L,6000,imgtext,proprio_seq_dtw,15,0.039541,0.033917
Qwen-GR00T-Bridge-RT-1,L,6000,imgtext,proprio_seq_dtw,25,0.042155,0.0354
Qwen-GR00T-Bridge-RT-1,L,6000,imgtext,proprio_seq_dtw,40,0.04838,0.039
Qwen-GR00T-Bridge-RT-1,L,6000,imgtext,proprio_seq_dtw,75,0.061758,0.04535
Qwen-GR00T-Bridge-RT-1,L,6000,imgtext,proprio_seq_dtw,110,0.07094,0.050633
Qwen-GR00T-Bridge-RT-1,L,6000,imgtext,proprio_seq_dtw,150,0.079798,0.053883
Qwen-GR00T-Bridge-RT-1,L,6000,imgtext,proprio_seq_dtw,220,0.089569,0.058317
Qwen-OFT-Bridge-RT-1,L,6000,vit_raw,proprio_seq_dtw,1,0.025036,0.022667
Qwen-OFT-Bridge-RT-1,L,6000,vit_raw,proprio_seq_dtw,3,0.024775,0.02295
Qwen-OFT-Bridge-RT-1,L,6000,vit_raw,proprio_seq_dtw,7,0.026522,0.024083
Qwen-OFT-Bridge-RT-1,L,6000,vit_raw,proprio_seq_dtw,15,0.030146,0.026367
Qwen-OFT-Bridge-RT-1,L,6000,vit_raw,proprio_seq_dtw,25,0.032955,0.028417
Qwen-OFT-Bridge-RT-1,L,6000,vit_raw,proprio_seq_dtw,40,0.03943,0.0331
Qwen-OFT-Bridge-RT-1,L,6000,vit_raw,proprio_seq_dtw,75,0.052154,0.041383
Qwen-OFT-Bridge-RT-1,L,6000,vit_raw,proprio_seq_dtw,110,0.064955,0.049217
Qwen-OFT-Bridge-RT-1,L,6000,vit_raw,proprio_seq_dtw,150,0.0764,0.0556
Qwen-OFT-Bridge-RT-1,L,6000,vit_raw,proprio_seq_dtw,220,0.088918,0.064
Qwen-OFT-Bridge-RT-1,L,6000,pre_llm,proprio_seq_dtw,1,0.025218,0.022733
Qwen-OFT-Bridge-RT-1,L,6000,pre_llm,proprio_seq_dtw,3,0.024786,0.022983
Qwen-OFT-Bridge-RT-1,L,6000,pre_llm,proprio_seq_dtw,7,0.026471,0.02395
Qwen-OFT-Bridge-RT-1,L,6000,pre_llm,proprio_seq_dtw,15,0.030094,0.02625
Qwen-OFT-Bridge-RT-1,L,6000,pre_llm,proprio_seq_dtw,25,0.033126,0.028733
Qwen-OFT-Bridge-RT-1,L,6000,pre_llm,proprio_seq_dtw,40,0.038872,0.032883
Qwen-OFT-Bridge-RT-1,L,6000,pre_llm,proprio_seq_dtw,75,0.051786,0.040867
Qwen-OFT-Bridge-RT-1,L,6000,pre_llm,proprio_seq_dtw,110,0.063763,0.048117
Qwen-OFT-Bridge-RT-1,L,6000,pre_llm,proprio_seq_dtw,150,0.074473,0.053833
Qwen-OFT-Bridge-RT-1,L,6000,pre_llm,proprio_seq_dtw,220,0.086342,0.062183
Qwen-OFT-Bridge-RT-1,L,6000,pre_llm_txt,proprio_seq_dtw,1,0.006965,0.008067
Qwen-OFT-Bridge-RT-1,L,6000,pre_llm_txt,proprio_seq_dtw,3,0.007044,0.008083
Qwen-OFT-Bridge-RT-1,L,6000,pre_llm_txt,proprio_seq_dtw,7,0.008177,0.0087
Qwen-OFT-Bridge-RT-1,L,6000,pre_llm_txt,proprio_seq_dtw,15,0.009307,0.009917
Qwen-OFT-Bridge-RT-1,L,6000,pre_llm_txt,proprio_seq_dtw,25,0.010413,0.01095
Qwen-OFT-Bridge-RT-1,L,6000,pre_llm_txt,proprio_seq_dtw,40,0.013214,0.012933
Qwen-OFT-Bridge-RT-1,L,6000,pre_llm_txt,proprio_seq_dtw,75,0.017762,0.0159
Qwen-OFT-Bridge-RT-1,L,6000,pre_llm_txt,proprio_seq_dtw,110,0.023107,0.019883
Qwen-OFT-Bridge-RT-1,L,6000,pre_llm_txt,proprio_seq_dtw,150,0.027435,0.022117
Qwen-OFT-Bridge-RT-1,L,6000,pre_llm_txt,proprio_seq_dtw,220,0.032837,0.02565
Qwen-OFT-Bridge-RT-1,L,6000,pre_llm_vt,proprio_seq_dtw,1,0.02522,0.022733
Qwen-OFT-Bridge-RT-1,L,6000,pre_llm_vt,proprio_seq_dtw,3,0.024787,0.022983
Qwen-OFT-Bridge-RT-1,L,6000,pre_llm_vt,proprio_seq_dtw,7,0.026472,0.02395
Qwen-OFT-Bridge-RT-1,L,6000,pre_llm_vt,proprio_seq_dtw,15,0.030095,0.02625
Qwen-OFT-Bridge-RT-1,L,6000,pre_llm_vt,proprio_seq_dtw,25,0.033128,0.028733
Qwen-OFT-Bridge-RT-1,L,6000,pre_llm_vt,proprio_seq_dtw,40,0.038874,0.032883
Qwen-OFT-Bridge-RT-1,L,6000,pre_llm_vt,proprio_seq_dtw,75,0.051788,0.040867
Qwen-OFT-Bridge-RT-1,L,6000,pre_llm_vt,proprio_seq_dtw,110,0.063833,0.048133
Qwen-OFT-Bridge-RT-1,L,6000,pre_llm_vt,proprio_seq_dtw,150,0.074546,0.05385
Qwen-OFT-Bridge-RT-1,L,6000,pre_llm_vt,proprio_seq_dtw,220,0.086418,0.0622
Qwen-OFT-Bridge-RT-1,L,6000,img,proprio_seq_dtw,1,0.022371,0.02
Qwen-OFT-Bridge-RT-1,L,6000,img,proprio_seq_dtw,3,0.021907,0.02
Qwen-OFT-Bridge-RT-1,L,6000,img,proprio_seq_dtw,7,0.023374,0.0209
Qwen-OFT-Bridge-RT-1,L,6000,img,proprio_seq_dtw,15,0.026497,0.02305
Qwen-OFT-Bridge-RT-1,L,6000,img,proprio_seq_dtw,25,0.0284,0.02445
Qwen-OFT-Bridge-RT-1,L,6000,img,proprio_seq_dtw,40,0.034599,0.028633
Qwen-OFT-Bridge-RT-1,L,6000,img,proprio_seq_dtw,75,0.045828,0.03555
Qwen-OFT-Bridge-RT-1,L,6000,img,proprio_seq_dtw,110,0.058134,0.041583
Qwen-OFT-Bridge-RT-1,L,6000,img,proprio_seq_dtw,150,0.068143,0.047217
Qwen-OFT-Bridge-RT-1,L,6000,img,proprio_seq_dtw,220,0.078669,0.054017
Qwen-OFT-Bridge-RT-1,L,6000,txt,proprio_seq_dtw,1,0.018637,0.0154
Qwen-OFT-Bridge-RT-1,L,6000,txt,proprio_seq_dtw,3,0.018003,0.015367
Qwen-OFT-Bridge-RT-1,L,6000,txt,proprio_seq_dtw,7,0.018451,0.015867
Qwen-OFT-Bridge-RT-1,L,6000,txt,proprio_seq_dtw,15,0.02194,0.017317
Qwen-OFT-Bridge-RT-1,L,6000,txt,proprio_seq_dtw,25,0.024118,0.018817
Qwen-OFT-Bridge-RT-1,L,6000,txt,proprio_seq_dtw,40,0.027941,0.021517
Qwen-OFT-Bridge-RT-1,L,6000,txt,proprio_seq_dtw,75,0.036493,0.02665
Qwen-OFT-Bridge-RT-1,L,6000,txt,proprio_seq_dtw,110,0.043958,0.0317
Qwen-OFT-Bridge-RT-1,L,6000,txt,proprio_seq_dtw,150,0.05119,0.035983
Qwen-OFT-Bridge-RT-1,L,6000,txt,proprio_seq_dtw,220,0.060317,0.041417
Qwen-OFT-Bridge-RT-1,L,6000,imgtext,proprio_seq_dtw,1,0.023673,0.020267
Qwen-OFT-Bridge-RT-1,L,6000,imgtext,proprio_seq_dtw,3,0.023206,0.020583
Qwen-OFT-Bridge-RT-1,L,6000,imgtext,proprio_seq_dtw,7,0.024196,0.02145
Qwen-OFT-Bridge-RT-1,L,6000,imgtext,proprio_seq_dtw,15,0.027597,0.0235
Qwen-OFT-Bridge-RT-1,L,6000,imgtext,proprio_seq_dtw,25,0.029595,0.0251
Qwen-OFT-Bridge-RT-1,L,6000,imgtext,proprio_seq_dtw,40,0.035877,0.028933
Qwen-OFT-Bridge-RT-1,L,6000,imgtext,proprio_seq_dtw,75,0.048638,0.036967
Qwen-OFT-Bridge-RT-1,L,6000,imgtext,proprio_seq_dtw,110,0.060895,0.043517
Qwen-OFT-Bridge-RT-1,L,6000,imgtext,proprio_seq_dtw,150,0.070017,0.049133
Qwen-OFT-Bridge-RT-1,L,6000,imgtext,proprio_seq_dtw,220,0.08183,0.0564
Qwen3VL-GR00T-Bridge-RT-1,L,6000,vit_raw,proprio_seq_dtw,1,0.025031,0.022967
Qwen3VL-GR00T-Bridge-RT-1,L,6000,vit_raw,proprio_seq_dtw,3,0.024673,0.023283
Qwen3VL-GR00T-Bridge-RT-1,L,6000,vit_raw,proprio_seq_dtw,7,0.026381,0.02425
Qwen3VL-GR00T-Bridge-RT-1,L,6000,vit_raw,proprio_seq_dtw,15,0.029949,0.026717
Qwen3VL-GR00T-Bridge-RT-1,L,6000,vit_raw,proprio_seq_dtw,25,0.032291,0.028617
Qwen3VL-GR00T-Bridge-RT-1,L,6000,vit_raw,proprio_seq_dtw,40,0.039136,0.03355
Qwen3VL-GR00T-Bridge-RT-1,L,6000,vit_raw,proprio_seq_dtw,75,0.051939,0.042817
Qwen3VL-GR00T-Bridge-RT-1,L,6000,vit_raw,proprio_seq_dtw,110,0.066635,0.050867
Qwen3VL-GR00T-Bridge-RT-1,L,6000,vit_raw,proprio_seq_dtw,150,0.078801,0.057983
Qwen3VL-GR00T-Bridge-RT-1,L,6000,vit_raw,proprio_seq_dtw,220,0.093002,0.066967
Qwen3VL-GR00T-Bridge-RT-1,L,6000,pre_llm,proprio_seq_dtw,1,0.025206,0.0229
Qwen3VL-GR00T-Bridge-RT-1,L,6000,pre_llm,proprio_seq_dtw,3,0.024901,0.02325
Qwen3VL-GR00T-Bridge-RT-1,L,6000,pre_llm,proprio_seq_dtw,7,0.026567,0.024167
Qwen3VL-GR00T-Bridge-RT-1,L,6000,pre_llm,proprio_seq_dtw,15,0.030337,0.026717
Qwen3VL-GR00T-Bridge-RT-1,L,6000,pre_llm,proprio_seq_dtw,25,0.032797,0.028433
Qwen3VL-GR00T-Bridge-RT-1,L,6000,pre_llm,proprio_seq_dtw,40,0.039534,0.03325
Qwen3VL-GR00T-Bridge-RT-1,L,6000,pre_llm,proprio_seq_dtw,75,0.052074,0.042433
Qwen3VL-GR00T-Bridge-RT-1,L,6000,pre_llm,proprio_seq_dtw,110,0.066743,0.05035
Qwen3VL-GR00T-Bridge-RT-1,L,6000,pre_llm,proprio_seq_dtw,150,0.078922,0.0576
Qwen3VL-GR00T-Bridge-RT-1,L,6000,pre_llm,proprio_seq_dtw,220,0.092709,0.066017
Qwen3VL-GR00T-Bridge-RT-1,L,6000,pre_llm_txt,proprio_seq_dtw,1,0.007389,0.008417
Qwen3VL-GR00T-Bridge-RT-1,L,6000,pre_llm_txt,proprio_seq_dtw,3,0.007616,0.008617
Qwen3VL-GR00T-Bridge-RT-1,L,6000,pre_llm_txt,proprio_seq_dtw,7,0.008545,0.009217
Qwen3VL-GR00T-Bridge-RT-1,L,6000,pre_llm_txt,proprio_seq_dtw,15,0.010063,0.01045
Qwen3VL-GR00T-Bridge-RT-1,L,6000,pre_llm_txt,proprio_seq_dtw,25,0.011043,0.011383
Qwen3VL-GR00T-Bridge-RT-1,L,6000,pre_llm_txt,proprio_seq_dtw,40,0.013646,0.01345
Qwen3VL-GR00T-Bridge-RT-1,L,6000,pre_llm_txt,proprio_seq_dtw,75,0.01926,0.0167
Qwen3VL-GR00T-Bridge-RT-1,L,6000,pre_llm_txt,proprio_seq_dtw,110,0.024609,0.0209
Qwen3VL-GR00T-Bridge-RT-1,L,6000,pre_llm_txt,proprio_seq_dtw,150,0.02947,0.02385
Qwen3VL-GR00T-Bridge-RT-1,L,6000,pre_llm_txt,proprio_seq_dtw,220,0.034808,0.027283
Qwen3VL-GR00T-Bridge-RT-1,L,6000,pre_llm_vt,proprio_seq_dtw,1,0.025204,0.022883
Qwen3VL-GR00T-Bridge-RT-1,L,6000,pre_llm_vt,proprio_seq_dtw,3,0.0249,0.023233
Qwen3VL-GR00T-Bridge-RT-1,L,6000,pre_llm_vt,proprio_seq_dtw,7,0.026565,0.02415
Qwen3VL-GR00T-Bridge-RT-1,L,6000,pre_llm_vt,proprio_seq_dtw,15,0.030336,0.0267
Qwen3VL-GR00T-Bridge-RT-1,L,6000,pre_llm_vt,proprio_seq_dtw,25,0.032795,0.028417
Qwen3VL-GR00T-Bridge-RT-1,L,6000,pre_llm_vt,proprio_seq_dtw,40,0.039532,0.033233
Qwen3VL-GR00T-Bridge-RT-1,L,6000,pre_llm_vt,proprio_seq_dtw,75,0.052136,0.042417
Qwen3VL-GR00T-Bridge-RT-1,L,6000,pre_llm_vt,proprio_seq_dtw,110,0.066806,0.050367
Qwen3VL-GR00T-Bridge-RT-1,L,6000,pre_llm_vt,proprio_seq_dtw,150,0.079053,0.057617
Qwen3VL-GR00T-Bridge-RT-1,L,6000,pre_llm_vt,proprio_seq_dtw,220,0.092913,0.06605
Qwen3VL-GR00T-Bridge-RT-1,L,6000,img,proprio_seq_dtw,1,0.02617,0.0234
Qwen3VL-GR00T-Bridge-RT-1,L,6000,img,proprio_seq_dtw,3,0.025886,0.023617
Qwen3VL-GR00T-Bridge-RT-1,L,6000,img,proprio_seq_dtw,7,0.027396,0.0246
Qwen3VL-GR00T-Bridge-RT-1,L,6000,img,proprio_seq_dtw,15,0.031496,0.026833
Qwen3VL-GR00T-Bridge-RT-1,L,6000,img,proprio_seq_dtw,25,0.034099,0.02885
Qwen3VL-GR00T-Bridge-RT-1,L,6000,img,proprio_seq_dtw,40,0.040865,0.033867
Qwen3VL-GR00T-Bridge-RT-1,L,6000,img,proprio_seq_dtw,75,0.054069,0.04265
Qwen3VL-GR00T-Bridge-RT-1,L,6000,img,proprio_seq_dtw,110,0.067317,0.05015
Qwen3VL-GR00T-Bridge-RT-1,L,6000,img,proprio_seq_dtw,150,0.079939,0.056583
Qwen3VL-GR00T-Bridge-RT-1,L,6000,img,proprio_seq_dtw,220,0.091773,0.064783
Qwen3VL-GR00T-Bridge-RT-1,L,6000,txt,proprio_seq_dtw,1,0.014547,0.01355
Qwen3VL-GR00T-Bridge-RT-1,L,6000,txt,proprio_seq_dtw,3,0.014795,0.01375
Qwen3VL-GR00T-Bridge-RT-1,L,6000,txt,proprio_seq_dtw,7,0.015762,0.014267
Qwen3VL-GR00T-Bridge-RT-1,L,6000,txt,proprio_seq_dtw,15,0.0182,0.015817
Qwen3VL-GR00T-Bridge-RT-1,L,6000,txt,proprio_seq_dtw,25,0.019527,0.017117
Qwen3VL-GR00T-Bridge-RT-1,L,6000,txt,proprio_seq_dtw,40,0.023553,0.019767
Qwen3VL-GR00T-Bridge-RT-1,L,6000,txt,proprio_seq_dtw,75,0.030991,0.025
Qwen3VL-GR00T-Bridge-RT-1,L,6000,txt,proprio_seq_dtw,110,0.040397,0.0308
Qwen3VL-GR00T-Bridge-RT-1,L,6000,txt,proprio_seq_dtw,150,0.048004,0.035417
Qwen3VL-GR00T-Bridge-RT-1,L,6000,txt,proprio_seq_dtw,220,0.056715,0.040783
Qwen3VL-GR00T-Bridge-RT-1,L,6000,imgtext,proprio_seq_dtw,1,0.027616,0.024317
Qwen3VL-GR00T-Bridge-RT-1,L,6000,imgtext,proprio_seq_dtw,3,0.027458,0.024533
Qwen3VL-GR00T-Bridge-RT-1,L,6000,imgtext,proprio_seq_dtw,7,0.029174,0.025433
Qwen3VL-GR00T-Bridge-RT-1,L,6000,imgtext,proprio_seq_dtw,15,0.032236,0.027883
Qwen3VL-GR00T-Bridge-RT-1,L,6000,imgtext,proprio_seq_dtw,25,0.035672,0.03
Qwen3VL-GR00T-Bridge-RT-1,L,6000,imgtext,proprio_seq_dtw,40,0.043746,0.035433
Qwen3VL-GR00T-Bridge-RT-1,L,6000,imgtext,proprio_seq_dtw,75,0.056756,0.04385
Qwen3VL-GR00T-Bridge-RT-1,L,6000,imgtext,proprio_seq_dtw,110,0.070559,0.051083
Qwen3VL-GR00T-Bridge-RT-1,L,6000,imgtext,proprio_seq_dtw,150,0.082744,0.058117
Qwen3VL-GR00T-Bridge-RT-1,L,6000,imgtext,proprio_seq_dtw,220,0.096441,0.0671
Qwen3VL-OFT-Bridge-RT-1,L,6000,vit_raw,proprio_seq_dtw,1,0.025558,0.023967
Qwen3VL-OFT-Bridge-RT-1,L,6000,vit_raw,proprio_seq_dtw,3,0.025368,0.02415
Qwen3VL-OFT-Bridge-RT-1,L,6000,vit_raw,proprio_seq_dtw,7,0.026257,0.02515
Qwen3VL-OFT-Bridge-RT-1,L,6000,vit_raw,proprio_seq_dtw,15,0.029475,0.02695
Qwen3VL-OFT-Bridge-RT-1,L,6000,vit_raw,proprio_seq_dtw,25,0.032553,0.028983
Qwen3VL-OFT-Bridge-RT-1,L,6000,vit_raw,proprio_seq_dtw,40,0.039798,0.0344
Qwen3VL-OFT-Bridge-RT-1,L,6000,vit_raw,proprio_seq_dtw,75,0.052426,0.043117
Qwen3VL-OFT-Bridge-RT-1,L,6000,vit_raw,proprio_seq_dtw,110,0.064698,0.050467
Qwen3VL-OFT-Bridge-RT-1,L,6000,vit_raw,proprio_seq_dtw,150,0.076739,0.05745
Qwen3VL-OFT-Bridge-RT-1,L,6000,vit_raw,proprio_seq_dtw,220,0.089192,0.065233
Qwen3VL-OFT-Bridge-RT-1,L,6000,pre_llm,proprio_seq_dtw,1,0.024782,0.023317
Qwen3VL-OFT-Bridge-RT-1,L,6000,pre_llm,proprio_seq_dtw,3,0.024584,0.023617
Qwen3VL-OFT-Bridge-RT-1,L,6000,pre_llm,proprio_seq_dtw,7,0.025688,0.0245
Qwen3VL-OFT-Bridge-RT-1,L,6000,pre_llm,proprio_seq_dtw,15,0.029303,0.026433
Qwen3VL-OFT-Bridge-RT-1,L,6000,pre_llm,proprio_seq_dtw,25,0.032156,0.028533
Qwen3VL-OFT-Bridge-RT-1,L,6000,pre_llm,proprio_seq_dtw,40,0.03923,0.033767
Qwen3VL-OFT-Bridge-RT-1,L,6000,pre_llm,proprio_seq_dtw,75,0.051967,0.042383
Qwen3VL-OFT-Bridge-RT-1,L,6000,pre_llm,proprio_seq_dtw,110,0.063613,0.049483
Qwen3VL-OFT-Bridge-RT-1,L,6000,pre_llm,proprio_seq_dtw,150,0.075357,0.056417
Qwen3VL-OFT-Bridge-RT-1,L,6000,pre_llm,proprio_seq_dtw,220,0.087129,0.064
Qwen3VL-OFT-Bridge-RT-1,L,6000,pre_llm_txt,proprio_seq_dtw,1,0.007458,0.008483
Qwen3VL-OFT-Bridge-RT-1,L,6000,pre_llm_txt,proprio_seq_dtw,3,0.007685,0.008717
Qwen3VL-OFT-Bridge-RT-1,L,6000,pre_llm_txt,proprio_seq_dtw,7,0.008613,0.0093
Qwen3VL-OFT-Bridge-RT-1,L,6000,pre_llm_txt,proprio_seq_dtw,15,0.010131,0.010533
Qwen3VL-OFT-Bridge-RT-1,L,6000,pre_llm_txt,proprio_seq_dtw,25,0.011114,0.01145
Qwen3VL-OFT-Bridge-RT-1,L,6000,pre_llm_txt,proprio_seq_dtw,40,0.013718,0.013517
Qwen3VL-OFT-Bridge-RT-1,L,6000,pre_llm_txt,proprio_seq_dtw,75,0.019249,0.01675
Qwen3VL-OFT-Bridge-RT-1,L,6000,pre_llm_txt,proprio_seq_dtw,110,0.024595,0.020917
Qwen3VL-OFT-Bridge-RT-1,L,6000,pre_llm_txt,proprio_seq_dtw,150,0.029453,0.023917
Qwen3VL-OFT-Bridge-RT-1,L,6000,pre_llm_txt,proprio_seq_dtw,220,0.034974,0.027417
Qwen3VL-OFT-Bridge-RT-1,L,6000,pre_llm_vt,proprio_seq_dtw,1,0.024838,0.023317
Qwen3VL-OFT-Bridge-RT-1,L,6000,pre_llm_vt,proprio_seq_dtw,3,0.02464,0.023633
Qwen3VL-OFT-Bridge-RT-1,L,6000,pre_llm_vt,proprio_seq_dtw,7,0.025744,0.024517
Qwen3VL-OFT-Bridge-RT-1,L,6000,pre_llm_vt,proprio_seq_dtw,15,0.029303,0.026417
Qwen3VL-OFT-Bridge-RT-1,L,6000,pre_llm_vt,proprio_seq_dtw,25,0.032156,0.0285
Qwen3VL-OFT-Bridge-RT-1,L,6000,pre_llm_vt,proprio_seq_dtw,40,0.03923,0.03375
Qwen3VL-OFT-Bridge-RT-1,L,6000,pre_llm_vt,proprio_seq_dtw,75,0.051905,0.04235
Qwen3VL-OFT-Bridge-RT-1,L,6000,pre_llm_vt,proprio_seq_dtw,110,0.063613,0.049467
Qwen3VL-OFT-Bridge-RT-1,L,6000,pre_llm_vt,proprio_seq_dtw,150,0.075423,0.056383
Qwen3VL-OFT-Bridge-RT-1,L,6000,pre_llm_vt,proprio_seq_dtw,220,0.087198,0.063983
Qwen3VL-OFT-Bridge-RT-1,L,6000,img,proprio_seq_dtw,1,0.02366,0.02215
Qwen3VL-OFT-Bridge-RT-1,L,6000,img,proprio_seq_dtw,3,0.023576,0.022433
Qwen3VL-OFT-Bridge-RT-1,L,6000,img,proprio_seq_dtw,7,0.024766,0.0234
Qwen3VL-OFT-Bridge-RT-1,L,6000,img,proprio_seq_dtw,15,0.028058,0.025233
Qwen3VL-OFT-Bridge-RT-1,L,6000,img,proprio_seq_dtw,25,0.030169,0.026917
Qwen3VL-OFT-Bridge-RT-1,L,6000,img,proprio_seq_dtw,40,0.036841,0.031983
Qwen3VL-OFT-Bridge-RT-1,L,6000,img,proprio_seq_dtw,75,0.050412,0.040783
Qwen3VL-OFT-Bridge-RT-1,L,6000,img,proprio_seq_dtw,110,0.062556,0.047317
Qwen3VL-OFT-Bridge-RT-1,L,6000,img,proprio_seq_dtw,150,0.074404,0.054183
Qwen3VL-OFT-Bridge-RT-1,L,6000,img,proprio_seq_dtw,220,0.086819,0.061767
Qwen3VL-OFT-Bridge-RT-1,L,6000,txt,proprio_seq_dtw,1,0.013236,0.012867
Qwen3VL-OFT-Bridge-RT-1,L,6000,txt,proprio_seq_dtw,3,0.013395,0.012933
Qwen3VL-OFT-Bridge-RT-1,L,6000,txt,proprio_seq_dtw,7,0.013646,0.013467
Qwen3VL-OFT-Bridge-RT-1,L,6000,txt,proprio_seq_dtw,15,0.0149,0.014467
Qwen3VL-OFT-Bridge-RT-1,L,6000,txt,proprio_seq_dtw,25,0.015985,0.015267
Qwen3VL-OFT-Bridge-RT-1,L,6000,txt,proprio_seq_dtw,40,0.020441,0.017767
Qwen3VL-OFT-Bridge-RT-1,L,6000,txt,proprio_seq_dtw,75,0.026325,0.02245
Qwen3VL-OFT-Bridge-RT-1,L,6000,txt,proprio_seq_dtw,110,0.034112,0.02695
Qwen3VL-OFT-Bridge-RT-1,L,6000,txt,proprio_seq_dtw,150,0.040158,0.030733
Qwen3VL-OFT-Bridge-RT-1,L,6000,txt,proprio_seq_dtw,220,0.045101,0.034383
Qwen3VL-OFT-Bridge-RT-1,L,6000,imgtext,proprio_seq_dtw,1,0.024135,0.022117
Qwen3VL-OFT-Bridge-RT-1,L,6000,imgtext,proprio_seq_dtw,3,0.024463,0.022233
Qwen3VL-OFT-Bridge-RT-1,L,6000,imgtext,proprio_seq_dtw,7,0.025381,0.02325
Qwen3VL-OFT-Bridge-RT-1,L,6000,imgtext,proprio_seq_dtw,15,0.028875,0.025583
Qwen3VL-OFT-Bridge-RT-1,L,6000,imgtext,proprio_seq_dtw,25,0.031064,0.0274
Qwen3VL-OFT-Bridge-RT-1,L,6000,imgtext,proprio_seq_dtw,40,0.037541,0.032267
Qwen3VL-OFT-Bridge-RT-1,L,6000,imgtext,proprio_seq_dtw,75,0.050742,0.0407
Qwen3VL-OFT-Bridge-RT-1,L,6000,imgtext,proprio_seq_dtw,110,0.06362,0.047683
Qwen3VL-OFT-Bridge-RT-1,L,6000,imgtext,proprio_seq_dtw,150,0.074543,0.0541
Qwen3VL-OFT-Bridge-RT-1,L,6000,imgtext,proprio_seq_dtw,220,0.086417,0.060933
Qwen3VL-OFT-Robotwin2,L,6000,vit_raw,proprio_seq_dtw,1,0.024454,0.022417
Qwen3VL-OFT-Robotwin2,L,6000,vit_raw,proprio_seq_dtw,3,0.024204,0.0228
Qwen3VL-OFT-Robotwin2,L,6000,vit_raw,proprio_seq_dtw,7,0.025658,0.0237
Qwen3VL-OFT-Robotwin2,L,6000,vit_raw,proprio_seq_dtw,15,0.029094,0.025833
Qwen3VL-OFT-Robotwin2,L,6000,vit_raw,proprio_seq_dtw,25,0.032008,0.027783
Qwen3VL-OFT-Robotwin2,L,6000,vit_raw,proprio_seq_dtw,40,0.039138,0.032433
Qwen3VL-OFT-Robotwin2,L,6000,vit_raw,proprio_seq_dtw,75,0.051801,0.0412
Qwen3VL-OFT-Robotwin2,L,6000,vit_raw,proprio_seq_dtw,110,0.065335,0.0487
Qwen3VL-OFT-Robotwin2,L,6000,vit_raw,proprio_seq_dtw,150,0.076735,0.0553
Qwen3VL-OFT-Robotwin2,L,6000,vit_raw,proprio_seq_dtw,220,0.091018,0.063683
Qwen3VL-OFT-Robotwin2,L,6000,pre_llm,proprio_seq_dtw,1,0.024394,0.021933
Qwen3VL-OFT-Robotwin2,L,6000,pre_llm,proprio_seq_dtw,3,0.024146,0.022333
Qwen3VL-OFT-Robotwin2,L,6000,pre_llm,proprio_seq_dtw,7,0.025384,0.0231
Qwen3VL-OFT-Robotwin2,L,6000,pre_llm,proprio_seq_dtw,15,0.028846,0.02505
Qwen3VL-OFT-Robotwin2,L,6000,pre_llm,proprio_seq_dtw,25,0.031367,0.026983
Qwen3VL-OFT-Robotwin2,L,6000,pre_llm,proprio_seq_dtw,40,0.038393,0.03175
Qwen3VL-OFT-Robotwin2,L,6000,pre_llm,proprio_seq_dtw,75,0.050953,0.0401
Qwen3VL-OFT-Robotwin2,L,6000,pre_llm,proprio_seq_dtw,110,0.063734,0.04765
Qwen3VL-OFT-Robotwin2,L,6000,pre_llm,proprio_seq_dtw,150,0.076213,0.054117
Qwen3VL-OFT-Robotwin2,L,6000,pre_llm,proprio_seq_dtw,220,0.090283,0.062517
Qwen3VL-OFT-Robotwin2,L,6000,pre_llm_txt,proprio_seq_dtw,1,0.008122,0.008717
Qwen3VL-OFT-Robotwin2,L,6000,pre_llm_txt,proprio_seq_dtw,3,0.008346,0.00875
Qwen3VL-OFT-Robotwin2,L,6000,pre_llm_txt,proprio_seq_dtw,7,0.009083,0.009067
Qwen3VL-OFT-Robotwin2,L,6000,pre_llm_txt,proprio_seq_dtw,15,0.010381,0.0104
Qwen3VL-OFT-Robotwin2,L,6000,pre_llm_txt,proprio_seq_dtw,25,0.011416,0.011117
Qwen3VL-OFT-Robotwin2,L,6000,pre_llm_txt,proprio_seq_dtw,40,0.014023,0.01315
Qwen3VL-OFT-Robotwin2,L,6000,pre_llm_txt,proprio_seq_dtw,75,0.019384,0.01715
Qwen3VL-OFT-Robotwin2,L,6000,pre_llm_txt,proprio_seq_dtw,110,0.024626,0.021017
Qwen3VL-OFT-Robotwin2,L,6000,pre_llm_txt,proprio_seq_dtw,150,0.029519,0.02395
Qwen3VL-OFT-Robotwin2,L,6000,pre_llm_txt,proprio_seq_dtw,220,0.035407,0.027683
Qwen3VL-OFT-Robotwin2,L,6000,pre_llm_vt,proprio_seq_dtw,1,0.024397,0.02195
Qwen3VL-OFT-Robotwin2,L,6000,pre_llm_vt,proprio_seq_dtw,3,0.024148,0.02235
Qwen3VL-OFT-Robotwin2,L,6000,pre_llm_vt,proprio_seq_dtw,7,0.025387,0.023117
Qwen3VL-OFT-Robotwin2,L,6000,pre_llm_vt,proprio_seq_dtw,15,0.028849,0.02505
Qwen3VL-OFT-Robotwin2,L,6000,pre_llm_vt,proprio_seq_dtw,25,0.03137,0.027
Qwen3VL-OFT-Robotwin2,L,6000,pre_llm_vt,proprio_seq_dtw,40,0.038397,0.031767
Qwen3VL-OFT-Robotwin2,L,6000,pre_llm_vt,proprio_seq_dtw,75,0.050958,0.040083
Qwen3VL-OFT-Robotwin2,L,6000,pre_llm_vt,proprio_seq_dtw,110,0.06374,0.047617
Qwen3VL-OFT-Robotwin2,L,6000,pre_llm_vt,proprio_seq_dtw,150,0.076152,0.054083
Qwen3VL-OFT-Robotwin2,L,6000,pre_llm_vt,proprio_seq_dtw,220,0.090292,0.062483
Qwen3VL-OFT-Robotwin2,L,6000,img,proprio_seq_dtw,1,0.024323,0.021833
Qwen3VL-OFT-Robotwin2,L,6000,img,proprio_seq_dtw,3,0.024291,0.022117
Qwen3VL-OFT-Robotwin2,L,6000,img,proprio_seq_dtw,7,0.0255,0.0233
Qwen3VL-OFT-Robotwin2,L,6000,img,proprio_seq_dtw,15,0.028197,0.025133
Qwen3VL-OFT-Robotwin2,L,6000,img,proprio_seq_dtw,25,0.030704,0.02665
Qwen3VL-OFT-Robotwin2,L,6000,img,proprio_seq_dtw,40,0.037084,0.0313
Qwen3VL-OFT-Robotwin2,L,6000,img,proprio_seq_dtw,75,0.049986,0.039417
Qwen3VL-OFT-Robotwin2,L,6000,img,proprio_seq_dtw,110,0.062624,0.046217
Qwen3VL-OFT-Robotwin2,L,6000,img,proprio_seq_dtw,150,0.074108,0.052633
Qwen3VL-OFT-Robotwin2,L,6000,img,proprio_seq_dtw,220,0.086093,0.059833
Qwen3VL-OFT-Robotwin2,L,6000,txt,proprio_seq_dtw,1,0.015029,0.014567
Qwen3VL-OFT-Robotwin2,L,6000,txt,proprio_seq_dtw,3,0.014713,0.014483
Qwen3VL-OFT-Robotwin2,L,6000,txt,proprio_seq_dtw,7,0.015647,0.015317
Qwen3VL-OFT-Robotwin2,L,6000,txt,proprio_seq_dtw,15,0.018108,0.017133
Qwen3VL-OFT-Robotwin2,L,6000,txt,proprio_seq_dtw,25,0.019177,0.0184
Qwen3VL-OFT-Robotwin2,L,6000,txt,proprio_seq_dtw,40,0.024329,0.021533
Qwen3VL-OFT-Robotwin2,L,6000,txt,proprio_seq_dtw,75,0.033113,0.0279
Qwen3VL-OFT-Robotwin2,L,6000,txt,proprio_seq_dtw,110,0.043319,0.0333
Qwen3VL-OFT-Robotwin2,L,6000,txt,proprio_seq_dtw,150,0.051703,0.038933
Qwen3VL-OFT-Robotwin2,L,6000,txt,proprio_seq_dtw,220,0.062042,0.045133
Qwen3VL-OFT-Robotwin2,L,6000,imgtext,proprio_seq_dtw,1,0.023777,0.0215
Qwen3VL-OFT-Robotwin2,L,6000,imgtext,proprio_seq_dtw,3,0.023804,0.02165
Qwen3VL-OFT-Robotwin2,L,6000,imgtext,proprio_seq_dtw,7,0.024785,0.022667
Qwen3VL-OFT-Robotwin2,L,6000,imgtext,proprio_seq_dtw,15,0.027887,0.024767
Qwen3VL-OFT-Robotwin2,L,6000,imgtext,proprio_seq_dtw,25,0.030515,0.026517
Qwen3VL-OFT-Robotwin2,L,6000,imgtext,proprio_seq_dtw,40,0.037335,0.031317
Qwen3VL-OFT-Robotwin2,L,6000,imgtext,proprio_seq_dtw,75,0.049523,0.03935
Qwen3VL-OFT-Robotwin2,L,6000,imgtext,proprio_seq_dtw,110,0.061125,0.045733
Qwen3VL-OFT-Robotwin2,L,6000,imgtext,proprio_seq_dtw,150,0.072623,0.052267
Qwen3VL-OFT-Robotwin2,L,6000,imgtext,proprio_seq_dtw,220,0.085443,0.059917
abot-m0-robotwin2,L,6000,vit_raw,proprio_seq_dtw,1,0.023995,0.022183
abot-m0-robotwin2,L,6000,vit_raw,proprio_seq_dtw,3,0.023805,0.022517
abot-m0-robotwin2,L,6000,vit_raw,proprio_seq_dtw,7,0.025387,0.023383
abot-m0-robotwin2,L,6000,vit_raw,proprio_seq_dtw,15,0.028246,0.024983
abot-m0-robotwin2,L,6000,vit_raw,proprio_seq_dtw,25,0.03155,0.0273
abot-m0-robotwin2,L,6000,vit_raw,proprio_seq_dtw,40,0.037492,0.031983
abot-m0-robotwin2,L,6000,vit_raw,proprio_seq_dtw,75,0.049304,0.040367
abot-m0-robotwin2,L,6000,vit_raw,proprio_seq_dtw,110,0.061924,0.047867
abot-m0-robotwin2,L,6000,vit_raw,proprio_seq_dtw,150,0.074133,0.055233
abot-m0-robotwin2,L,6000,vit_raw,proprio_seq_dtw,220,0.086546,0.0626
abot-m0-robotwin2,L,6000,pre_llm,proprio_seq_dtw,1,0.023548,0.021767
abot-m0-robotwin2,L,6000,pre_llm,proprio_seq_dtw,3,0.023403,0.022
abot-m0-robotwin2,L,6000,pre_llm,proprio_seq_dtw,7,0.025013,0.022967
abot-m0-robotwin2,L,6000,pre_llm,proprio_seq_dtw,15,0.028443,0.0249
abot-m0-robotwin2,L,6000,pre_llm,proprio_seq_dtw,25,0.03205,0.026967
abot-m0-robotwin2,L,6000,pre_llm,proprio_seq_dtw,40,0.037839,0.031517
abot-m0-robotwin2,L,6000,pre_llm,proprio_seq_dtw,75,0.050386,0.03965
abot-m0-robotwin2,L,6000,pre_llm,proprio_seq_dtw,110,0.062301,0.0472
abot-m0-robotwin2,L,6000,pre_llm,proprio_seq_dtw,150,0.075052,0.054267
abot-m0-robotwin2,L,6000,pre_llm,proprio_seq_dtw,220,0.087589,0.061917
abot-m0-robotwin2,L,6000,pre_llm_txt,proprio_seq_dtw,1,0.007954,0.0087
abot-m0-robotwin2,L,6000,pre_llm_txt,proprio_seq_dtw,3,0.008176,0.008783
abot-m0-robotwin2,L,6000,pre_llm_txt,proprio_seq_dtw,7,0.008974,0.009067
abot-m0-robotwin2,L,6000,pre_llm_txt,proprio_seq_dtw,15,0.010199,0.0103
abot-m0-robotwin2,L,6000,pre_llm_txt,proprio_seq_dtw,25,0.01122,0.011033
abot-m0-robotwin2,L,6000,pre_llm_txt,proprio_seq_dtw,40,0.013887,0.013067
abot-m0-robotwin2,L,6000,pre_llm_txt,proprio_seq_dtw,75,0.019218,0.017017
abot-m0-robotwin2,L,6000,pre_llm_txt,proprio_seq_dtw,110,0.024589,0.020867
abot-m0-robotwin2,L,6000,pre_llm_txt,proprio_seq_dtw,150,0.029546,0.023833
abot-m0-robotwin2,L,6000,pre_llm_txt,proprio_seq_dtw,220,0.035488,0.027717
abot-m0-robotwin2,L,6000,pre_llm_vt,proprio_seq_dtw,1,0.023486,0.021733
abot-m0-robotwin2,L,6000,pre_llm_vt,proprio_seq_dtw,3,0.023341,0.02195
abot-m0-robotwin2,L,6000,pre_llm_vt,proprio_seq_dtw,7,0.024951,0.022917
abot-m0-robotwin2,L,6000,pre_llm_vt,proprio_seq_dtw,15,0.028379,0.024867
abot-m0-robotwin2,L,6000,pre_llm_vt,proprio_seq_dtw,25,0.031984,0.026967
abot-m0-robotwin2,L,6000,pre_llm_vt,proprio_seq_dtw,40,0.037837,0.031517
abot-m0-robotwin2,L,6000,pre_llm_vt,proprio_seq_dtw,75,0.050383,0.03965
abot-m0-robotwin2,L,6000,pre_llm_vt,proprio_seq_dtw,110,0.062297,0.04715
abot-m0-robotwin2,L,6000,pre_llm_vt,proprio_seq_dtw,150,0.075048,0.0543
abot-m0-robotwin2,L,6000,pre_llm_vt,proprio_seq_dtw,220,0.087507,0.0619
abot-m0-robotwin2,L,6000,img,proprio_seq_dtw,1,0.024093,0.020933
abot-m0-robotwin2,L,6000,img,proprio_seq_dtw,3,0.024214,0.021233
abot-m0-robotwin2,L,6000,img,proprio_seq_dtw,7,0.026025,0.02245
abot-m0-robotwin2,L,6000,img,proprio_seq_dtw,15,0.028914,0.024233
abot-m0-robotwin2,L,6000,img,proprio_seq_dtw,25,0.031605,0.02615
abot-m0-robotwin2,L,6000,img,proprio_seq_dtw,40,0.037553,0.02975
abot-m0-robotwin2,L,6000,img,proprio_seq_dtw,75,0.048624,0.036983
abot-m0-robotwin2,L,6000,img,proprio_seq_dtw,110,0.058989,0.04305
abot-m0-robotwin2,L,6000,img,proprio_seq_dtw,150,0.069788,0.049167
abot-m0-robotwin2,L,6000,img,proprio_seq_dtw,220,0.081688,0.055483
abot-m0-robotwin2,L,6000,txt,proprio_seq_dtw,1,0.010931,0.010567
abot-m0-robotwin2,L,6000,txt,proprio_seq_dtw,3,0.01088,0.010733
abot-m0-robotwin2,L,6000,txt,proprio_seq_dtw,7,0.011627,0.011133
abot-m0-robotwin2,L,6000,txt,proprio_seq_dtw,15,0.012922,0.0122
abot-m0-robotwin2,L,6000,txt,proprio_seq_dtw,25,0.014124,0.013183
abot-m0-robotwin2,L,6000,txt,proprio_seq_dtw,40,0.016941,0.015617
abot-m0-robotwin2,L,6000,txt,proprio_seq_dtw,75,0.023954,0.020133
abot-m0-robotwin2,L,6000,txt,proprio_seq_dtw,110,0.031785,0.025
abot-m0-robotwin2,L,6000,txt,proprio_seq_dtw,150,0.036846,0.028883
abot-m0-robotwin2,L,6000,txt,proprio_seq_dtw,220,0.043146,0.033717
abot-m0-robotwin2,L,6000,imgtext,proprio_seq_dtw,1,0.024561,0.021133
abot-m0-robotwin2,L,6000,imgtext,proprio_seq_dtw,3,0.024935,0.021417
abot-m0-robotwin2,L,6000,imgtext,proprio_seq_dtw,7,0.026629,0.022433
abot-m0-robotwin2,L,6000,imgtext,proprio_seq_dtw,15,0.028972,0.02405
abot-m0-robotwin2,L,6000,imgtext,proprio_seq_dtw,25,0.032086,0.02605
abot-m0-robotwin2,L,6000,imgtext,proprio_seq_dtw,40,0.038159,0.03005
abot-m0-robotwin2,L,6000,imgtext,proprio_seq_dtw,75,0.049968,0.037533
abot-m0-robotwin2,L,6000,imgtext,proprio_seq_dtw,110,0.062665,0.04435
abot-m0-robotwin2,L,6000,imgtext,proprio_seq_dtw,150,0.074039,0.051083
abot-m0-robotwin2,L,6000,imgtext,proprio_seq_dtw,220,0.086349,0.057767
cogact-base-bridge,L,6000,vit_raw,proprio_seq_dtw,1,0.028539,0.026517
cogact-base-bridge,L,6000,vit_raw,proprio_seq_dtw,3,0.028207,0.0266
cogact-base-bridge,L,6000,vit_raw,proprio_seq_dtw,7,0.030072,0.02765
cogact-base-bridge,L,6000,vit_raw,proprio_seq_dtw,15,0.033332,0.0299
cogact-base-bridge,L,6000,vit_raw,proprio_seq_dtw,25,0.036658,0.03225
cogact-base-bridge,L,6000,vit_raw,proprio_seq_dtw,40,0.044095,0.037517
cogact-base-bridge,L,6000,vit_raw,proprio_seq_dtw,75,0.05776,0.04635
cogact-base-bridge,L,6000,vit_raw,proprio_seq_dtw,110,0.070685,0.053917
cogact-base-bridge,L,6000,vit_raw,proprio_seq_dtw,150,0.082465,0.060033
cogact-base-bridge,L,6000,vit_raw,proprio_seq_dtw,220,0.094641,0.06775
cogact-base-bridge,L,6000,pre_llm,proprio_seq_dtw,1,0.028101,0.026283
cogact-base-bridge,L,6000,pre_llm,proprio_seq_dtw,3,0.028188,0.02655
cogact-base-bridge,L,6000,pre_llm,proprio_seq_dtw,7,0.029836,0.02755
cogact-base-bridge,L,6000,pre_llm,proprio_seq_dtw,15,0.033095,0.02965
cogact-base-bridge,L,6000,pre_llm,proprio_seq_dtw,25,0.036219,0.031817
cogact-base-bridge,L,6000,pre_llm,proprio_seq_dtw,40,0.043522,0.036917
cogact-base-bridge,L,6000,pre_llm,proprio_seq_dtw,75,0.057435,0.045983
cogact-base-bridge,L,6000,pre_llm,proprio_seq_dtw,110,0.069583,0.05295
cogact-base-bridge,L,6000,pre_llm,proprio_seq_dtw,150,0.081167,0.058583
cogact-base-bridge,L,6000,pre_llm,proprio_seq_dtw,220,0.091932,0.065833
cogact-base-bridge,L,6000,pre_llm_txt,proprio_seq_dtw,1,0.008612,0.009267
cogact-base-bridge,L,6000,pre_llm_txt,proprio_seq_dtw,3,0.008746,0.00955
cogact-base-bridge,L,6000,pre_llm_txt,proprio_seq_dtw,7,0.009573,0.010067
cogact-base-bridge,L,6000,pre_llm_txt,proprio_seq_dtw,15,0.011059,0.0112
cogact-base-bridge,L,6000,pre_llm_txt,proprio_seq_dtw,25,0.012339,0.01225
cogact-base-bridge,L,6000,pre_llm_txt,proprio_seq_dtw,40,0.014709,0.014383
cogact-base-bridge,L,6000,pre_llm_txt,proprio_seq_dtw,75,0.021457,0.0185
cogact-base-bridge,L,6000,pre_llm_txt,proprio_seq_dtw,110,0.027054,0.023033
cogact-base-bridge,L,6000,pre_llm_txt,proprio_seq_dtw,150,0.032026,0.026867
cogact-base-bridge,L,6000,pre_llm_txt,proprio_seq_dtw,220,0.037544,0.030183
cogact-base-bridge,L,6000,pre_llm_vt,proprio_seq_dtw,1,0.028099,0.026283
cogact-base-bridge,L,6000,pre_llm_vt,proprio_seq_dtw,3,0.028186,0.02655
cogact-base-bridge,L,6000,pre_llm_vt,proprio_seq_dtw,7,0.029834,0.02755
cogact-base-bridge,L,6000,pre_llm_vt,proprio_seq_dtw,15,0.033092,0.02965
cogact-base-bridge,L,6000,pre_llm_vt,proprio_seq_dtw,25,0.036216,0.031817
cogact-base-bridge,L,6000,pre_llm_vt,proprio_seq_dtw,40,0.043519,0.036917
cogact-base-bridge,L,6000,pre_llm_vt,proprio_seq_dtw,75,0.057431,0.045983
cogact-base-bridge,L,6000,pre_llm_vt,proprio_seq_dtw,110,0.069578,0.05295
cogact-base-bridge,L,6000,pre_llm_vt,proprio_seq_dtw,150,0.081161,0.058583
cogact-base-bridge,L,6000,pre_llm_vt,proprio_seq_dtw,220,0.091995,0.06585
cogact-base-bridge,L,6000,img,proprio_seq_dtw,1,0.030663,0.02755
cogact-base-bridge,L,6000,img,proprio_seq_dtw,3,0.030346,0.0277
cogact-base-bridge,L,6000,img,proprio_seq_dtw,7,0.031897,0.028533
cogact-base-bridge,L,6000,img,proprio_seq_dtw,15,0.036142,0.030917
cogact-base-bridge,L,6000,img,proprio_seq_dtw,25,0.039906,0.033167
cogact-base-bridge,L,6000,img,proprio_seq_dtw,40,0.047826,0.037933
cogact-base-bridge,L,6000,img,proprio_seq_dtw,75,0.060431,0.045583
cogact-base-bridge,L,6000,img,proprio_seq_dtw,110,0.073363,0.052817
cogact-base-bridge,L,6000,img,proprio_seq_dtw,150,0.085084,0.058517
cogact-base-bridge,L,6000,img,proprio_seq_dtw,220,0.097618,0.064717
cogact-base-bridge,L,6000,txt,proprio_seq_dtw,1,0.035194,0.028117
cogact-base-bridge,L,6000,txt,proprio_seq_dtw,3,0.035175,0.028317
cogact-base-bridge,L,6000,txt,proprio_seq_dtw,7,0.036842,0.02895
cogact-base-bridge,L,6000,txt,proprio_seq_dtw,15,0.040532,0.030983
cogact-base-bridge,L,6000,txt,proprio_seq_dtw,25,0.044396,0.03265
cogact-base-bridge,L,6000,txt,proprio_seq_dtw,40,0.053301,0.037067
cogact-base-bridge,L,6000,txt,proprio_seq_dtw,75,0.067664,0.044383
cogact-base-bridge,L,6000,txt,proprio_seq_dtw,110,0.079889,0.05035
cogact-base-bridge,L,6000,txt,proprio_seq_dtw,150,0.090424,0.055067
cogact-base-bridge,L,6000,txt,proprio_seq_dtw,220,0.104393,0.0619
cogact-base-bridge,L,6000,imgtext,proprio_seq_dtw,1,0.030926,0.028117
cogact-base-bridge,L,6000,imgtext,proprio_seq_dtw,3,0.03074,0.028433
cogact-base-bridge,L,6000,imgtext,proprio_seq_dtw,7,0.032419,0.029117
cogact-base-bridge,L,6000,imgtext,proprio_seq_dtw,15,0.036709,0.031533
cogact-base-bridge,L,6000,imgtext,proprio_seq_dtw,25,0.040393,0.033917
cogact-base-bridge,L,6000,imgtext,proprio_seq_dtw,40,0.048586,0.0387
cogact-base-bridge,L,6000,imgtext,proprio_seq_dtw,75,0.062164,0.046417
cogact-base-bridge,L,6000,imgtext,proprio_seq_dtw,110,0.074341,0.053217
cogact-base-bridge,L,6000,imgtext,proprio_seq_dtw,150,0.086237,0.05875
cogact-base-bridge,L,6000,imgtext,proprio_seq_dtw,220,0.09843,0.06525
cogact-large-bridge,L,6000,vit_raw,proprio_seq_dtw,1,0.028175,0.026267
cogact-large-bridge,L,6000,vit_raw,proprio_seq_dtw,3,0.028006,0.026583
cogact-large-bridge,L,6000,vit_raw,proprio_seq_dtw,7,0.029814,0.02745
cogact-large-bridge,L,6000,vit_raw,proprio_seq_dtw,15,0.032984,0.029417
cogact-large-bridge,L,6000,vit_raw,proprio_seq_dtw,25,0.036251,0.031983
cogact-large-bridge,L,6000,vit_raw,proprio_seq_dtw,40,0.043705,0.037017
cogact-large-bridge,L,6000,vit_raw,proprio_seq_dtw,75,0.0574,0.04605
cogact-large-bridge,L,6000,vit_raw,proprio_seq_dtw,110,0.07035,0.053767
cogact-large-bridge,L,6000,vit_raw,proprio_seq_dtw,150,0.082425,0.059517
cogact-large-bridge,L,6000,vit_raw,proprio_seq_dtw,220,0.094969,0.068083
cogact-large-bridge,L,6000,pre_llm,proprio_seq_dtw,1,0.028093,0.026133
cogact-large-bridge,L,6000,pre_llm,proprio_seq_dtw,3,0.028017,0.026283
cogact-large-bridge,L,6000,pre_llm,proprio_seq_dtw,7,0.029768,0.027417
cogact-large-bridge,L,6000,pre_llm,proprio_seq_dtw,15,0.032889,0.029317
cogact-large-bridge,L,6000,pre_llm,proprio_seq_dtw,25,0.035475,0.031467
cogact-large-bridge,L,6000,pre_llm,proprio_seq_dtw,40,0.042509,0.0364
cogact-large-bridge,L,6000,pre_llm,proprio_seq_dtw,75,0.055612,0.045167
cogact-large-bridge,L,6000,pre_llm,proprio_seq_dtw,110,0.068163,0.05275
cogact-large-bridge,L,6000,pre_llm,proprio_seq_dtw,150,0.079169,0.058117
cogact-large-bridge,L,6000,pre_llm,proprio_seq_dtw,220,0.091636,0.065767
cogact-large-bridge,L,6000,pre_llm_txt,proprio_seq_dtw,1,0.008629,0.0092
cogact-large-bridge,L,6000,pre_llm_txt,proprio_seq_dtw,3,0.008832,0.009483
cogact-large-bridge,L,6000,pre_llm_txt,proprio_seq_dtw,7,0.009728,0.010033
cogact-large-bridge,L,6000,pre_llm_txt,proprio_seq_dtw,15,0.01122,0.011167
cogact-large-bridge,L,6000,pre_llm_txt,proprio_seq_dtw,25,0.012373,0.0122
cogact-large-bridge,L,6000,pre_llm_txt,proprio_seq_dtw,40,0.014818,0.014367
cogact-large-bridge,L,6000,pre_llm_txt,proprio_seq_dtw,75,0.021731,0.018583
cogact-large-bridge,L,6000,pre_llm_txt,proprio_seq_dtw,110,0.027124,0.023017
cogact-large-bridge,L,6000,pre_llm_txt,proprio_seq_dtw,150,0.032102,0.026933
cogact-large-bridge,L,6000,pre_llm_txt,proprio_seq_dtw,220,0.037233,0.030083
cogact-large-bridge,L,6000,pre_llm_vt,proprio_seq_dtw,1,0.028093,0.026133
cogact-large-bridge,L,6000,pre_llm_vt,proprio_seq_dtw,3,0.028016,0.026283
cogact-large-bridge,L,6000,pre_llm_vt,proprio_seq_dtw,7,0.029767,0.027417
cogact-large-bridge,L,6000,pre_llm_vt,proprio_seq_dtw,15,0.032889,0.029317
cogact-large-bridge,L,6000,pre_llm_vt,proprio_seq_dtw,25,0.035474,0.031467
cogact-large-bridge,L,6000,pre_llm_vt,proprio_seq_dtw,40,0.042508,0.0364
cogact-large-bridge,L,6000,pre_llm_vt,proprio_seq_dtw,75,0.055611,0.045167
cogact-large-bridge,L,6000,pre_llm_vt,proprio_seq_dtw,110,0.068162,0.05275
cogact-large-bridge,L,6000,pre_llm_vt,proprio_seq_dtw,150,0.079168,0.058117
cogact-large-bridge,L,6000,pre_llm_vt,proprio_seq_dtw,220,0.091634,0.065783
cogact-large-bridge,L,6000,img,proprio_seq_dtw,1,0.0304,0.0277
cogact-large-bridge,L,6000,img,proprio_seq_dtw,3,0.030191,0.02785
cogact-large-bridge,L,6000,img,proprio_seq_dtw,7,0.031716,0.028667
cogact-large-bridge,L,6000,img,proprio_seq_dtw,15,0.035275,0.03055
cogact-large-bridge,L,6000,img,proprio_seq_dtw,25,0.038787,0.0327
cogact-large-bridge,L,6000,img,proprio_seq_dtw,40,0.046969,0.03745
cogact-large-bridge,L,6000,img,proprio_seq_dtw,75,0.060772,0.045533
cogact-large-bridge,L,6000,img,proprio_seq_dtw,110,0.073144,0.052733
cogact-large-bridge,L,6000,img,proprio_seq_dtw,150,0.083848,0.05775
cogact-large-bridge,L,6000,img,proprio_seq_dtw,220,0.09462,0.064083
cogact-large-bridge,L,6000,txt,proprio_seq_dtw,1,0.036771,0.0287
cogact-large-bridge,L,6000,txt,proprio_seq_dtw,3,0.036679,0.028983
cogact-large-bridge,L,6000,txt,proprio_seq_dtw,7,0.037918,0.0298
cogact-large-bridge,L,6000,txt,proprio_seq_dtw,15,0.041632,0.031817
cogact-large-bridge,L,6000,txt,proprio_seq_dtw,25,0.045288,0.033567
cogact-large-bridge,L,6000,txt,proprio_seq_dtw,40,0.054032,0.03825
cogact-large-bridge,L,6000,txt,proprio_seq_dtw,75,0.068174,0.045567
cogact-large-bridge,L,6000,txt,proprio_seq_dtw,110,0.081276,0.0514
cogact-large-bridge,L,6000,txt,proprio_seq_dtw,150,0.091296,0.056267
cogact-large-bridge,L,6000,txt,proprio_seq_dtw,220,0.104442,0.06215
cogact-large-bridge,L,6000,imgtext,proprio_seq_dtw,1,0.031475,0.028333
cogact-large-bridge,L,6000,imgtext,proprio_seq_dtw,3,0.031335,0.02865
cogact-large-bridge,L,6000,imgtext,proprio_seq_dtw,7,0.032802,0.02945
cogact-large-bridge,L,6000,imgtext,proprio_seq_dtw,15,0.036592,0.031317
cogact-large-bridge,L,6000,imgtext,proprio_seq_dtw,25,0.039894,0.033333
cogact-large-bridge,L,6000,imgtext,proprio_seq_dtw,40,0.048016,0.03805
cogact-large-bridge,L,6000,imgtext,proprio_seq_dtw,75,0.06236,0.046133
cogact-large-bridge,L,6000,imgtext,proprio_seq_dtw,110,0.074992,0.053367
cogact-large-bridge,L,6000,imgtext,proprio_seq_dtw,150,0.086045,0.0583
cogact-large-bridge,L,6000,imgtext,proprio_seq_dtw,220,0.096541,0.064483
cogact-small-bridge,L,6000,vit_raw,proprio_seq_dtw,1,0.028794,0.02705
cogact-small-bridge,L,6000,vit_raw,proprio_seq_dtw,3,0.028615,0.0272
cogact-small-bridge,L,6000,vit_raw,proprio_seq_dtw,7,0.03012,0.027933
cogact-small-bridge,L,6000,vit_raw,proprio_seq_dtw,15,0.03351,0.030167
cogact-small-bridge,L,6000,vit_raw,proprio_seq_dtw,25,0.036424,0.032667
cogact-small-bridge,L,6000,vit_raw,proprio_seq_dtw,40,0.044073,0.037683
cogact-small-bridge,L,6000,vit_raw,proprio_seq_dtw,75,0.058157,0.0467
cogact-small-bridge,L,6000,vit_raw,proprio_seq_dtw,110,0.070266,0.054
cogact-small-bridge,L,6000,vit_raw,proprio_seq_dtw,150,0.081418,0.059833
cogact-small-bridge,L,6000,vit_raw,proprio_seq_dtw,220,0.094134,0.067417
cogact-small-bridge,L,6000,pre_llm,proprio_seq_dtw,1,0.028786,0.026583
cogact-small-bridge,L,6000,pre_llm,proprio_seq_dtw,3,0.028703,0.026667
cogact-small-bridge,L,6000,pre_llm,proprio_seq_dtw,7,0.030312,0.02755
cogact-small-bridge,L,6000,pre_llm,proprio_seq_dtw,15,0.033655,0.029633
cogact-small-bridge,L,6000,pre_llm,proprio_seq_dtw,25,0.036899,0.0317
cogact-small-bridge,L,6000,pre_llm,proprio_seq_dtw,40,0.044074,0.03645
cogact-small-bridge,L,6000,pre_llm,proprio_seq_dtw,75,0.056803,0.04535
cogact-small-bridge,L,6000,pre_llm,proprio_seq_dtw,110,0.068972,0.052433
cogact-small-bridge,L,6000,pre_llm,proprio_seq_dtw,150,0.080192,0.0579
cogact-small-bridge,L,6000,pre_llm,proprio_seq_dtw,220,0.093197,0.065383
cogact-small-bridge,L,6000,pre_llm_txt,proprio_seq_dtw,1,0.00867,0.0094
cogact-small-bridge,L,6000,pre_llm_txt,proprio_seq_dtw,3,0.008748,0.009633
cogact-small-bridge,L,6000,pre_llm_txt,proprio_seq_dtw,7,0.0097,0.010217
cogact-small-bridge,L,6000,pre_llm_txt,proprio_seq_dtw,15,0.010998,0.0113
cogact-small-bridge,L,6000,pre_llm_txt,proprio_seq_dtw,25,0.012208,0.01225
cogact-small-bridge,L,6000,pre_llm_txt,proprio_seq_dtw,40,0.014705,0.014383
cogact-small-bridge,L,6000,pre_llm_txt,proprio_seq_dtw,75,0.021526,0.018667
cogact-small-bridge,L,6000,pre_llm_txt,proprio_seq_dtw,110,0.027141,0.023233
cogact-small-bridge,L,6000,pre_llm_txt,proprio_seq_dtw,150,0.032265,0.02705
cogact-small-bridge,L,6000,pre_llm_txt,proprio_seq_dtw,220,0.037473,0.030383
cogact-small-bridge,L,6000,pre_llm_vt,proprio_seq_dtw,1,0.028788,0.026583
cogact-small-bridge,L,6000,pre_llm_vt,proprio_seq_dtw,3,0.028705,0.026667
cogact-small-bridge,L,6000,pre_llm_vt,proprio_seq_dtw,7,0.030314,0.02755
cogact-small-bridge,L,6000,pre_llm_vt,proprio_seq_dtw,15,0.033657,0.029633
cogact-small-bridge,L,6000,pre_llm_vt,proprio_seq_dtw,25,0.036901,0.0317
cogact-small-bridge,L,6000,pre_llm_vt,proprio_seq_dtw,40,0.044077,0.03645
cogact-small-bridge,L,6000,pre_llm_vt,proprio_seq_dtw,75,0.056807,0.045367
cogact-small-bridge,L,6000,pre_llm_vt,proprio_seq_dtw,110,0.068976,0.05245
cogact-small-bridge,L,6000,pre_llm_vt,proprio_seq_dtw,150,0.080197,0.057917
cogact-small-bridge,L,6000,pre_llm_vt,proprio_seq_dtw,220,0.093203,0.0654
cogact-small-bridge,L,6000,img,proprio_seq_dtw,1,0.029852,0.027317
cogact-small-bridge,L,6000,img,proprio_seq_dtw,3,0.029823,0.027483
cogact-small-bridge,L,6000,img,proprio_seq_dtw,7,0.031314,0.0283
cogact-small-bridge,L,6000,img,proprio_seq_dtw,15,0.035296,0.030183
cogact-small-bridge,L,6000,img,proprio_seq_dtw,25,0.039269,0.03225
cogact-small-bridge,L,6000,img,proprio_seq_dtw,40,0.046454,0.037067
cogact-small-bridge,L,6000,img,proprio_seq_dtw,75,0.059386,0.044317
cogact-small-bridge,L,6000,img,proprio_seq_dtw,110,0.070023,0.050617
cogact-small-bridge,L,6000,img,proprio_seq_dtw,150,0.081677,0.056017
cogact-small-bridge,L,6000,img,proprio_seq_dtw,220,0.091609,0.061933
cogact-small-bridge,L,6000,txt,proprio_seq_dtw,1,0.029927,0.0207
cogact-small-bridge,L,6000,txt,proprio_seq_dtw,3,0.029172,0.020417
cogact-small-bridge,L,6000,txt,proprio_seq_dtw,7,0.030003,0.020983
cogact-small-bridge,L,6000,txt,proprio_seq_dtw,15,0.034311,0.0225
cogact-small-bridge,L,6000,txt,proprio_seq_dtw,25,0.037825,0.023833
cogact-small-bridge,L,6000,txt,proprio_seq_dtw,40,0.044219,0.026417
cogact-small-bridge,L,6000,txt,proprio_seq_dtw,75,0.057083,0.030567
cogact-small-bridge,L,6000,txt,proprio_seq_dtw,110,0.06408,0.033833
cogact-small-bridge,L,6000,txt,proprio_seq_dtw,150,0.070037,0.036
cogact-small-bridge,L,6000,txt,proprio_seq_dtw,220,0.080172,0.040817
cogact-small-bridge,L,6000,imgtext,proprio_seq_dtw,1,0.030503,0.02775
cogact-small-bridge,L,6000,imgtext,proprio_seq_dtw,3,0.030533,0.028
cogact-small-bridge,L,6000,imgtext,proprio_seq_dtw,7,0.031852,0.028983
cogact-small-bridge,L,6000,imgtext,proprio_seq_dtw,15,0.035803,0.03065
cogact-small-bridge,L,6000,imgtext,proprio_seq_dtw,25,0.039613,0.032867
cogact-small-bridge,L,6000,imgtext,proprio_seq_dtw,40,0.046986,0.037367
cogact-small-bridge,L,6000,imgtext,proprio_seq_dtw,75,0.060453,0.044917
cogact-small-bridge,L,6000,imgtext,proprio_seq_dtw,110,0.071191,0.0513
cogact-small-bridge,L,6000,imgtext,proprio_seq_dtw,150,0.082723,0.05655
cogact-small-bridge,L,6000,imgtext,proprio_seq_dtw,220,0.092415,0.062417
groot-n15-bridge,L,6000,vit_raw,proprio_seq_dtw,1,0.024344,0.02235
groot-n15-bridge,L,6000,vit_raw,proprio_seq_dtw,3,0.024148,0.022767
groot-n15-bridge,L,6000,vit_raw,proprio_seq_dtw,7,0.025188,0.023867
groot-n15-bridge,L,6000,vit_raw,proprio_seq_dtw,15,0.028664,0.025417
groot-n15-bridge,L,6000,vit_raw,proprio_seq_dtw,25,0.031881,0.027683
groot-n15-bridge,L,6000,vit_raw,proprio_seq_dtw,40,0.038168,0.032483
groot-n15-bridge,L,6000,vit_raw,proprio_seq_dtw,75,0.050548,0.0409
groot-n15-bridge,L,6000,vit_raw,proprio_seq_dtw,110,0.061685,0.047883
groot-n15-bridge,L,6000,vit_raw,proprio_seq_dtw,150,0.072516,0.053467
groot-n15-bridge,L,6000,vit_raw,proprio_seq_dtw,220,0.083855,0.060967
groot-n15-bridge,L,6000,pre_llm,proprio_seq_dtw,1,0.023492,0.021967
groot-n15-bridge,L,6000,pre_llm,proprio_seq_dtw,3,0.023236,0.022167
groot-n15-bridge,L,6000,pre_llm,proprio_seq_dtw,7,0.024374,0.023217
groot-n15-bridge,L,6000,pre_llm,proprio_seq_dtw,15,0.0277,0.024817
groot-n15-bridge,L,6000,pre_llm,proprio_seq_dtw,25,0.030532,0.027
groot-n15-bridge,L,6000,pre_llm,proprio_seq_dtw,40,0.036391,0.0315
groot-n15-bridge,L,6000,pre_llm,proprio_seq_dtw,75,0.048504,0.0397
groot-n15-bridge,L,6000,pre_llm,proprio_seq_dtw,110,0.060112,0.046517
groot-n15-bridge,L,6000,pre_llm,proprio_seq_dtw,150,0.07065,0.051883
groot-n15-bridge,L,6000,pre_llm,proprio_seq_dtw,220,0.082077,0.05925
groot-n15-bridge,L,6000,pre_llm_txt,proprio_seq_dtw,1,0.007823,0.008767
groot-n15-bridge,L,6000,pre_llm_txt,proprio_seq_dtw,3,0.008184,0.008917
groot-n15-bridge,L,6000,pre_llm_txt,proprio_seq_dtw,7,0.009017,0.009267
groot-n15-bridge,L,6000,pre_llm_txt,proprio_seq_dtw,15,0.010348,0.010417
groot-n15-bridge,L,6000,pre_llm_txt,proprio_seq_dtw,25,0.011244,0.0114
groot-n15-bridge,L,6000,pre_llm_txt,proprio_seq_dtw,40,0.013849,0.013483
groot-n15-bridge,L,6000,pre_llm_txt,proprio_seq_dtw,75,0.019948,0.017117
groot-n15-bridge,L,6000,pre_llm_txt,proprio_seq_dtw,110,0.024896,0.0211
groot-n15-bridge,L,6000,pre_llm_txt,proprio_seq_dtw,150,0.02979,0.023983
groot-n15-bridge,L,6000,pre_llm_txt,proprio_seq_dtw,220,0.035545,0.027567
groot-n15-bridge,L,6000,pre_llm_vt,proprio_seq_dtw,1,0.023382,0.021933
groot-n15-bridge,L,6000,pre_llm_vt,proprio_seq_dtw,3,0.023126,0.022133
groot-n15-bridge,L,6000,pre_llm_vt,proprio_seq_dtw,7,0.024264,0.023183
groot-n15-bridge,L,6000,pre_llm_vt,proprio_seq_dtw,15,0.027702,0.024817
groot-n15-bridge,L,6000,pre_llm_vt,proprio_seq_dtw,25,0.030534,0.027
groot-n15-bridge,L,6000,pre_llm_vt,proprio_seq_dtw,40,0.036333,0.031483
groot-n15-bridge,L,6000,pre_llm_vt,proprio_seq_dtw,75,0.048507,0.0397
groot-n15-bridge,L,6000,pre_llm_vt,proprio_seq_dtw,110,0.060115,0.046517
groot-n15-bridge,L,6000,pre_llm_vt,proprio_seq_dtw,150,0.070654,0.051883
groot-n15-bridge,L,6000,pre_llm_vt,proprio_seq_dtw,220,0.082081,0.05925
groot-n15-bridge,L,6000,img,proprio_seq_dtw,1,0.02289,0.021333
groot-n15-bridge,L,6000,img,proprio_seq_dtw,3,0.022628,0.02165
groot-n15-bridge,L,6000,img,proprio_seq_dtw,7,0.023773,0.0225
groot-n15-bridge,L,6000,img,proprio_seq_dtw,15,0.026658,0.024233
groot-n15-bridge,L,6000,img,proprio_seq_dtw,25,0.029363,0.0265
groot-n15-bridge,L,6000,img,proprio_seq_dtw,40,0.035116,0.0306
groot-n15-bridge,L,6000,img,proprio_seq_dtw,75,0.048241,0.038933
groot-n15-bridge,L,6000,img,proprio_seq_dtw,110,0.058948,0.0451
groot-n15-bridge,L,6000,img,proprio_seq_dtw,150,0.068849,0.050867
groot-n15-bridge,L,6000,img,proprio_seq_dtw,220,0.078583,0.057283
groot-n15-bridge,L,6000,txt,proprio_seq_dtw,1,0.00982,0.00945
groot-n15-bridge,L,6000,txt,proprio_seq_dtw,3,0.00964,0.009533
groot-n15-bridge,L,6000,txt,proprio_seq_dtw,7,0.009891,0.009633
groot-n15-bridge,L,6000,txt,proprio_seq_dtw,15,0.010938,0.0107
groot-n15-bridge,L,6000,txt,proprio_seq_dtw,25,0.011273,0.011417
groot-n15-bridge,L,6000,txt,proprio_seq_dtw,40,0.014278,0.013483
groot-n15-bridge,L,6000,txt,proprio_seq_dtw,75,0.019309,0.017417
groot-n15-bridge,L,6000,txt,proprio_seq_dtw,110,0.023985,0.020817
groot-n15-bridge,L,6000,txt,proprio_seq_dtw,150,0.028679,0.024333
groot-n15-bridge,L,6000,txt,proprio_seq_dtw,220,0.033452,0.027617
groot-n15-bridge,L,6000,imgtext,proprio_seq_dtw,1,0.023127,0.021517
groot-n15-bridge,L,6000,imgtext,proprio_seq_dtw,3,0.022753,0.021833
groot-n15-bridge,L,6000,imgtext,proprio_seq_dtw,7,0.024013,0.02265
groot-n15-bridge,L,6000,imgtext,proprio_seq_dtw,15,0.02696,0.024233
groot-n15-bridge,L,6000,imgtext,proprio_seq_dtw,25,0.029794,0.026533
groot-n15-bridge,L,6000,imgtext,proprio_seq_dtw,40,0.035626,0.030717
groot-n15-bridge,L,6000,imgtext,proprio_seq_dtw,75,0.048012,0.03925
groot-n15-bridge,L,6000,imgtext,proprio_seq_dtw,110,0.058385,0.045467
groot-n15-bridge,L,6000,imgtext,proprio_seq_dtw,150,0.069097,0.051317
groot-n15-bridge,L,6000,imgtext,proprio_seq_dtw,220,0.080059,0.0581
groot-n16-bridge,L,6000,vit_raw,proprio_seq_dtw,1,0.023726,0.0222
groot-n16-bridge,L,6000,vit_raw,proprio_seq_dtw,3,0.023859,0.022483
groot-n16-bridge,L,6000,vit_raw,proprio_seq_dtw,7,0.025085,0.023317
groot-n16-bridge,L,6000,vit_raw,proprio_seq_dtw,15,0.02856,0.025383
groot-n16-bridge,L,6000,vit_raw,proprio_seq_dtw,25,0.03105,0.0275
groot-n16-bridge,L,6000,vit_raw,proprio_seq_dtw,40,0.037563,0.032517
groot-n16-bridge,L,6000,vit_raw,proprio_seq_dtw,75,0.051204,0.0411
groot-n16-bridge,L,6000,vit_raw,proprio_seq_dtw,110,0.062891,0.04875
groot-n16-bridge,L,6000,vit_raw,proprio_seq_dtw,150,0.074659,0.0551
groot-n16-bridge,L,6000,vit_raw,proprio_seq_dtw,220,0.086711,0.0627
groot-n16-bridge,L,6000,pre_llm,proprio_seq_dtw,1,0.023302,0.02215
groot-n16-bridge,L,6000,pre_llm,proprio_seq_dtw,3,0.023434,0.022367
groot-n16-bridge,L,6000,pre_llm,proprio_seq_dtw,7,0.02454,0.023067
groot-n16-bridge,L,6000,pre_llm,proprio_seq_dtw,15,0.027703,0.0247
groot-n16-bridge,L,6000,pre_llm,proprio_seq_dtw,25,0.029923,0.026767
groot-n16-bridge,L,6000,pre_llm,proprio_seq_dtw,40,0.036131,0.031333
groot-n16-bridge,L,6000,pre_llm,proprio_seq_dtw,75,0.048938,0.0398
groot-n16-bridge,L,6000,pre_llm,proprio_seq_dtw,110,0.061261,0.04695
groot-n16-bridge,L,6000,pre_llm,proprio_seq_dtw,150,0.071758,0.053167
groot-n16-bridge,L,6000,pre_llm,proprio_seq_dtw,220,0.08402,0.060667
groot-n16-bridge,L,6000,pre_llm_txt,proprio_seq_dtw,1,0.008148,0.008883
groot-n16-bridge,L,6000,pre_llm_txt,proprio_seq_dtw,3,0.008371,0.008983
groot-n16-bridge,L,6000,pre_llm_txt,proprio_seq_dtw,7,0.008993,0.009517
groot-n16-bridge,L,6000,pre_llm_txt,proprio_seq_dtw,15,0.010333,0.010783
groot-n16-bridge,L,6000,pre_llm_txt,proprio_seq_dtw,25,0.011752,0.011767
groot-n16-bridge,L,6000,pre_llm_txt,proprio_seq_dtw,40,0.014466,0.013617
groot-n16-bridge,L,6000,pre_llm_txt,proprio_seq_dtw,75,0.019749,0.017117
groot-n16-bridge,L,6000,pre_llm_txt,proprio_seq_dtw,110,0.024794,0.021067
groot-n16-bridge,L,6000,pre_llm_txt,proprio_seq_dtw,150,0.029616,0.024033
groot-n16-bridge,L,6000,pre_llm_txt,proprio_seq_dtw,220,0.035561,0.0278
groot-n16-bridge,L,6000,pre_llm_vt,proprio_seq_dtw,1,0.023363,0.022133
groot-n16-bridge,L,6000,pre_llm_vt,proprio_seq_dtw,3,0.023496,0.022367
groot-n16-bridge,L,6000,pre_llm_vt,proprio_seq_dtw,7,0.024545,0.02305
groot-n16-bridge,L,6000,pre_llm_vt,proprio_seq_dtw,15,0.027767,0.024717
groot-n16-bridge,L,6000,pre_llm_vt,proprio_seq_dtw,25,0.029989,0.026783
groot-n16-bridge,L,6000,pre_llm_vt,proprio_seq_dtw,40,0.0362,0.03135
groot-n16-bridge,L,6000,pre_llm_vt,proprio_seq_dtw,75,0.049013,0.039783
groot-n16-bridge,L,6000,pre_llm_vt,proprio_seq_dtw,110,0.061341,0.04695
groot-n16-bridge,L,6000,pre_llm_vt,proprio_seq_dtw,150,0.071842,0.053217
groot-n16-bridge,L,6000,pre_llm_vt,proprio_seq_dtw,220,0.084109,0.060717
groot-n16-bridge,L,6000,img,proprio_seq_dtw,1,0.023704,0.020117
groot-n16-bridge,L,6000,img,proprio_seq_dtw,3,0.023733,0.020567
groot-n16-bridge,L,6000,img,proprio_seq_dtw,7,0.025767,0.021767
groot-n16-bridge,L,6000,img,proprio_seq_dtw,15,0.028908,0.023867
groot-n16-bridge,L,6000,img,proprio_seq_dtw,25,0.031946,0.02575
groot-n16-bridge,L,6000,img,proprio_seq_dtw,40,0.038816,0.030183
groot-n16-bridge,L,6000,img,proprio_seq_dtw,75,0.051388,0.038167
groot-n16-bridge,L,6000,img,proprio_seq_dtw,110,0.064062,0.045083
groot-n16-bridge,L,6000,img,proprio_seq_dtw,150,0.076569,0.052
groot-n16-bridge,L,6000,img,proprio_seq_dtw,220,0.090712,0.059633
groot-n16-bridge,L,6000,txt,proprio_seq_dtw,1,0.007771,0.008833
groot-n16-bridge,L,6000,txt,proprio_seq_dtw,3,0.007861,0.008817
groot-n16-bridge,L,6000,txt,proprio_seq_dtw,7,0.008195,0.0092
groot-n16-bridge,L,6000,txt,proprio_seq_dtw,15,0.009645,0.010167
groot-n16-bridge,L,6000,txt,proprio_seq_dtw,25,0.010487,0.01075
groot-n16-bridge,L,6000,txt,proprio_seq_dtw,40,0.013617,0.012867
groot-n16-bridge,L,6000,txt,proprio_seq_dtw,75,0.019521,0.016833
groot-n16-bridge,L,6000,txt,proprio_seq_dtw,110,0.0239,0.020317
groot-n16-bridge,L,6000,txt,proprio_seq_dtw,150,0.028705,0.023167
groot-n16-bridge,L,6000,txt,proprio_seq_dtw,220,0.032759,0.026383
groot-n16-bridge,L,6000,imgtext,proprio_seq_dtw,1,0.023462,0.019817
groot-n16-bridge,L,6000,imgtext,proprio_seq_dtw,3,0.023554,0.02025
groot-n16-bridge,L,6000,imgtext,proprio_seq_dtw,7,0.025535,0.021417
groot-n16-bridge,L,6000,imgtext,proprio_seq_dtw,15,0.028902,0.0237
groot-n16-bridge,L,6000,imgtext,proprio_seq_dtw,25,0.03114,0.025433
groot-n16-bridge,L,6000,imgtext,proprio_seq_dtw,40,0.038408,0.02995
groot-n16-bridge,L,6000,imgtext,proprio_seq_dtw,75,0.051131,0.0378
groot-n16-bridge,L,6000,imgtext,proprio_seq_dtw,110,0.063735,0.044717
groot-n16-bridge,L,6000,imgtext,proprio_seq_dtw,150,0.076246,0.0515
groot-n16-bridge,L,6000,imgtext,proprio_seq_dtw,220,0.090545,0.05925
internvla-a1-3b-base,L,6000,vit_raw,proprio_seq_dtw,1,0.024234,0.021833
internvla-a1-3b-base,L,6000,vit_raw,proprio_seq_dtw,3,0.024372,0.0221
internvla-a1-3b-base,L,6000,vit_raw,proprio_seq_dtw,7,0.025822,0.023133
internvla-a1-3b-base,L,6000,vit_raw,proprio_seq_dtw,15,0.028758,0.025017
internvla-a1-3b-base,L,6000,vit_raw,proprio_seq_dtw,25,0.032131,0.02705
internvla-a1-3b-base,L,6000,vit_raw,proprio_seq_dtw,40,0.038957,0.03175
internvla-a1-3b-base,L,6000,vit_raw,proprio_seq_dtw,75,0.049523,0.038517
internvla-a1-3b-base,L,6000,vit_raw,proprio_seq_dtw,110,0.062042,0.045017
internvla-a1-3b-base,L,6000,vit_raw,proprio_seq_dtw,150,0.070676,0.04965
internvla-a1-3b-base,L,6000,vit_raw,proprio_seq_dtw,220,0.082305,0.05755
internvla-a1-3b-base,L,6000,pre_llm,proprio_seq_dtw,1,0.023858,0.02115
internvla-a1-3b-base,L,6000,pre_llm,proprio_seq_dtw,3,0.024004,0.021283
internvla-a1-3b-base,L,6000,pre_llm,proprio_seq_dtw,7,0.025423,0.022133
internvla-a1-3b-base,L,6000,pre_llm,proprio_seq_dtw,15,0.027986,0.023883
internvla-a1-3b-base,L,6000,pre_llm,proprio_seq_dtw,25,0.030624,0.025167
internvla-a1-3b-base,L,6000,pre_llm,proprio_seq_dtw,40,0.03654,0.029217
internvla-a1-3b-base,L,6000,pre_llm,proprio_seq_dtw,75,0.046619,0.03525
internvla-a1-3b-base,L,6000,pre_llm,proprio_seq_dtw,110,0.057736,0.041033
internvla-a1-3b-base,L,6000,pre_llm,proprio_seq_dtw,150,0.065989,0.045417
internvla-a1-3b-base,L,6000,pre_llm,proprio_seq_dtw,220,0.076768,0.051667
internvla-a1-3b-base,L,6000,pre_llm_txt,proprio_seq_dtw,1,0.007987,0.00885
internvla-a1-3b-base,L,6000,pre_llm_txt,proprio_seq_dtw,3,0.00815,0.00885
internvla-a1-3b-base,L,6000,pre_llm_txt,proprio_seq_dtw,7,0.008841,0.009217
internvla-a1-3b-base,L,6000,pre_llm_txt,proprio_seq_dtw,15,0.010175,0.010483
internvla-a1-3b-base,L,6000,pre_llm_txt,proprio_seq_dtw,25,0.011466,0.011267
internvla-a1-3b-base,L,6000,pre_llm_txt,proprio_seq_dtw,40,0.014617,0.013183
internvla-a1-3b-base,L,6000,pre_llm_txt,proprio_seq_dtw,75,0.019922,0.017217
internvla-a1-3b-base,L,6000,pre_llm_txt,proprio_seq_dtw,110,0.024424,0.02055
internvla-a1-3b-base,L,6000,pre_llm_txt,proprio_seq_dtw,150,0.029042,0.023817
internvla-a1-3b-base,L,6000,pre_llm_txt,proprio_seq_dtw,220,0.035027,0.0274
internvla-a1-3b-base,L,6000,pre_llm_vt,proprio_seq_dtw,1,0.023857,0.021183
internvla-a1-3b-base,L,6000,pre_llm_vt,proprio_seq_dtw,3,0.024003,0.021333
internvla-a1-3b-base,L,6000,pre_llm_vt,proprio_seq_dtw,7,0.025422,0.022183
internvla-a1-3b-base,L,6000,pre_llm_vt,proprio_seq_dtw,15,0.027985,0.023933
internvla-a1-3b-base,L,6000,pre_llm_vt,proprio_seq_dtw,25,0.030623,0.025183
internvla-a1-3b-base,L,6000,pre_llm_vt,proprio_seq_dtw,40,0.036539,0.029217
internvla-a1-3b-base,L,6000,pre_llm_vt,proprio_seq_dtw,75,0.046617,0.0353
internvla-a1-3b-base,L,6000,pre_llm_vt,proprio_seq_dtw,110,0.057735,0.041033
internvla-a1-3b-base,L,6000,pre_llm_vt,proprio_seq_dtw,150,0.065987,0.045433
internvla-a1-3b-base,L,6000,pre_llm_vt,proprio_seq_dtw,220,0.076766,0.051683
internvla-a1-3b-base,L,6000,img,proprio_seq_dtw,1,0.018592,0.0173
internvla-a1-3b-base,L,6000,img,proprio_seq_dtw,3,0.019194,0.017783
internvla-a1-3b-base,L,6000,img,proprio_seq_dtw,7,0.020602,0.018583
internvla-a1-3b-base,L,6000,img,proprio_seq_dtw,15,0.02281,0.020067
internvla-a1-3b-base,L,6000,img,proprio_seq_dtw,25,0.025433,0.02165
internvla-a1-3b-base,L,6000,img,proprio_seq_dtw,40,0.031338,0.0258
internvla-a1-3b-base,L,6000,img,proprio_seq_dtw,75,0.039189,0.031117
internvla-a1-3b-base,L,6000,img,proprio_seq_dtw,110,0.048575,0.036233
internvla-a1-3b-base,L,6000,img,proprio_seq_dtw,150,0.057834,0.041283
internvla-a1-3b-base,L,6000,img,proprio_seq_dtw,220,0.066749,0.046567
internvla-a1-3b-base,L,6000,txt,proprio_seq_dtw,1,0.004323,0.004733
internvla-a1-3b-base,L,6000,txt,proprio_seq_dtw,3,0.004392,0.00495
internvla-a1-3b-base,L,6000,txt,proprio_seq_dtw,7,0.004813,0.00515
internvla-a1-3b-base,L,6000,txt,proprio_seq_dtw,15,0.005445,0.005633
internvla-a1-3b-base,L,6000,txt,proprio_seq_dtw,25,0.005667,0.005833
internvla-a1-3b-base,L,6000,txt,proprio_seq_dtw,40,0.006428,0.006517
internvla-a1-3b-base,L,6000,txt,proprio_seq_dtw,75,0.00895,0.008383
internvla-a1-3b-base,L,6000,txt,proprio_seq_dtw,110,0.012091,0.009367
internvla-a1-3b-base,L,6000,txt,proprio_seq_dtw,150,0.013221,0.01055
internvla-a1-3b-base,L,6000,txt,proprio_seq_dtw,220,0.015442,0.0123
internvla-a1-3b-base,L,6000,imgtext,proprio_seq_dtw,1,0.004595,0.004917
internvla-a1-3b-base,L,6000,imgtext,proprio_seq_dtw,3,0.004412,0.004917
internvla-a1-3b-base,L,6000,imgtext,proprio_seq_dtw,7,0.004749,0.005217
internvla-a1-3b-base,L,6000,imgtext,proprio_seq_dtw,15,0.005352,0.005733
internvla-a1-3b-base,L,6000,imgtext,proprio_seq_dtw,25,0.005962,0.005933
internvla-a1-3b-base,L,6000,imgtext,proprio_seq_dtw,40,0.007651,0.0072
internvla-a1-3b-base,L,6000,imgtext,proprio_seq_dtw,75,0.010552,0.0091
internvla-a1-3b-base,L,6000,imgtext,proprio_seq_dtw,110,0.01205,0.010133
internvla-a1-3b-base,L,6000,imgtext,proprio_seq_dtw,150,0.013904,0.011133
internvla-a1-3b-base,L,6000,imgtext,proprio_seq_dtw,220,0.015513,0.013017
openvla-7b-bridge,L,6000,vit_raw,proprio_seq_dtw,1,0.029873,0.028283
openvla-7b-bridge,L,6000,vit_raw,proprio_seq_dtw,3,0.029925,0.0286
openvla-7b-bridge,L,6000,vit_raw,proprio_seq_dtw,7,0.031246,0.029183
openvla-7b-bridge,L,6000,vit_raw,proprio_seq_dtw,15,0.034672,0.031383
openvla-7b-bridge,L,6000,vit_raw,proprio_seq_dtw,25,0.037661,0.033883
openvla-7b-bridge,L,6000,vit_raw,proprio_seq_dtw,40,0.045219,0.038733
openvla-7b-bridge,L,6000,vit_raw,proprio_seq_dtw,75,0.059015,0.047917
openvla-7b-bridge,L,6000,vit_raw,proprio_seq_dtw,110,0.071294,0.055233
openvla-7b-bridge,L,6000,vit_raw,proprio_seq_dtw,150,0.083007,0.061017
openvla-7b-bridge,L,6000,vit_raw,proprio_seq_dtw,220,0.094291,0.0679
openvla-7b-bridge,L,6000,pre_llm,proprio_seq_dtw,1,0.029157,0.02715
openvla-7b-bridge,L,6000,pre_llm,proprio_seq_dtw,3,0.029302,0.0275
openvla-7b-bridge,L,6000,pre_llm,proprio_seq_dtw,7,0.030431,0.028383
openvla-7b-bridge,L,6000,pre_llm,proprio_seq_dtw,15,0.033611,0.030383
openvla-7b-bridge,L,6000,pre_llm,proprio_seq_dtw,25,0.036607,0.03275
openvla-7b-bridge,L,6000,pre_llm,proprio_seq_dtw,40,0.043647,0.037783
openvla-7b-bridge,L,6000,pre_llm,proprio_seq_dtw,75,0.058085,0.046867
openvla-7b-bridge,L,6000,pre_llm,proprio_seq_dtw,110,0.07001,0.053917
openvla-7b-bridge,L,6000,pre_llm,proprio_seq_dtw,150,0.081025,0.059467
openvla-7b-bridge,L,6000,pre_llm,proprio_seq_dtw,220,0.091297,0.066083
openvla-7b-bridge,L,6000,pre_llm_txt,proprio_seq_dtw,1,0.000531,0.0017
openvla-7b-bridge,L,6000,pre_llm_txt,proprio_seq_dtw,3,0.00036,0.00165
openvla-7b-bridge,L,6000,pre_llm_txt,proprio_seq_dtw,7,0.000534,0.001533
openvla-7b-bridge,L,6000,pre_llm_txt,proprio_seq_dtw,15,0.000272,0.001717
openvla-7b-bridge,L,6000,pre_llm_txt,proprio_seq_dtw,25,0.00028,0.001817
openvla-7b-bridge,L,6000,pre_llm_txt,proprio_seq_dtw,40,0.000304,0.001667
openvla-7b-bridge,L,6000,pre_llm_txt,proprio_seq_dtw,75,0.000507,0.001817
openvla-7b-bridge,L,6000,pre_llm_txt,proprio_seq_dtw,110,0.000811,0.001967
openvla-7b-bridge,L,6000,pre_llm_txt,proprio_seq_dtw,150,0.001153,0.002167
openvla-7b-bridge,L,6000,pre_llm_txt,proprio_seq_dtw,220,0.000764,0.002183
openvla-7b-bridge,L,6000,pre_llm_vt,proprio_seq_dtw,1,0.000531,0.0017
openvla-7b-bridge,L,6000,pre_llm_vt,proprio_seq_dtw,3,0.00036,0.00165
openvla-7b-bridge,L,6000,pre_llm_vt,proprio_seq_dtw,7,0.000534,0.001533
openvla-7b-bridge,L,6000,pre_llm_vt,proprio_seq_dtw,15,0.000272,0.001717
openvla-7b-bridge,L,6000,pre_llm_vt,proprio_seq_dtw,25,0.00028,0.001817
openvla-7b-bridge,L,6000,pre_llm_vt,proprio_seq_dtw,40,0.000304,0.001667
openvla-7b-bridge,L,6000,pre_llm_vt,proprio_seq_dtw,75,0.000507,0.001817
openvla-7b-bridge,L,6000,pre_llm_vt,proprio_seq_dtw,110,0.000811,0.001967
openvla-7b-bridge,L,6000,pre_llm_vt,proprio_seq_dtw,150,0.001153,0.002167
openvla-7b-bridge,L,6000,pre_llm_vt,proprio_seq_dtw,220,0.000764,0.002183
openvla-7b-bridge,L,6000,img,proprio_seq_dtw,1,0.031782,0.028
openvla-7b-bridge,L,6000,img,proprio_seq_dtw,3,0.031564,0.028183
openvla-7b-bridge,L,6000,img,proprio_seq_dtw,7,0.032449,0.028583
openvla-7b-bridge,L,6000,img,proprio_seq_dtw,15,0.036225,0.030783
openvla-7b-bridge,L,6000,img,proprio_seq_dtw,25,0.039725,0.033333
openvla-7b-bridge,L,6000,img,proprio_seq_dtw,40,0.047416,0.037983
openvla-7b-bridge,L,6000,img,proprio_seq_dtw,75,0.061535,0.04505
openvla-7b-bridge,L,6000,img,proprio_seq_dtw,110,0.072061,0.050733
openvla-7b-bridge,L,6000,img,proprio_seq_dtw,150,0.083659,0.056317
openvla-7b-bridge,L,6000,img,proprio_seq_dtw,220,0.093194,0.061033
openvla-7b-bridge,L,6000,txt,proprio_seq_dtw,1,0.02635,0.016033
openvla-7b-bridge,L,6000,txt,proprio_seq_dtw,3,0.026077,0.0158
openvla-7b-bridge,L,6000,txt,proprio_seq_dtw,7,0.02678,0.015767
openvla-7b-bridge,L,6000,txt,proprio_seq_dtw,15,0.030242,0.017
openvla-7b-bridge,L,6000,txt,proprio_seq_dtw,25,0.032196,0.01775
openvla-7b-bridge,L,6000,txt,proprio_seq_dtw,40,0.038944,0.01955
openvla-7b-bridge,L,6000,txt,proprio_seq_dtw,75,0.047721,0.022733
openvla-7b-bridge,L,6000,txt,proprio_seq_dtw,110,0.053162,0.0244
openvla-7b-bridge,L,6000,txt,proprio_seq_dtw,150,0.059054,0.02655
openvla-7b-bridge,L,6000,txt,proprio_seq_dtw,220,0.062009,0.028483
openvla-7b-bridge,L,6000,imgtext,proprio_seq_dtw,1,0.031861,0.028133
openvla-7b-bridge,L,6000,imgtext,proprio_seq_dtw,3,0.031508,0.028283
openvla-7b-bridge,L,6000,imgtext,proprio_seq_dtw,7,0.032324,0.0286
openvla-7b-bridge,L,6000,imgtext,proprio_seq_dtw,15,0.036187,0.030933
openvla-7b-bridge,L,6000,imgtext,proprio_seq_dtw,25,0.03984,0.0335
openvla-7b-bridge,L,6000,imgtext,proprio_seq_dtw,40,0.047128,0.037933
openvla-7b-bridge,L,6000,imgtext,proprio_seq_dtw,75,0.061142,0.045
openvla-7b-bridge,L,6000,imgtext,proprio_seq_dtw,110,0.071697,0.050417
openvla-7b-bridge,L,6000,imgtext,proprio_seq_dtw,150,0.08325,0.055767
openvla-7b-bridge,L,6000,imgtext,proprio_seq_dtw,220,0.092876,0.060567
openvla-7b-bridge-ft-200k,L,6000,vit_raw,proprio_seq_dtw,1,0.028793,0.026917
openvla-7b-bridge-ft-200k,L,6000,vit_raw,proprio_seq_dtw,3,0.028669,0.0273
openvla-7b-bridge-ft-200k,L,6000,vit_raw,proprio_seq_dtw,7,0.030315,0.0281
openvla-7b-bridge-ft-200k,L,6000,vit_raw,proprio_seq_dtw,15,0.033688,0.030433
openvla-7b-bridge-ft-200k,L,6000,vit_raw,proprio_seq_dtw,25,0.037195,0.03285
openvla-7b-bridge-ft-200k,L,6000,vit_raw,proprio_seq_dtw,40,0.044483,0.037817
openvla-7b-bridge-ft-200k,L,6000,vit_raw,proprio_seq_dtw,75,0.058913,0.047167
openvla-7b-bridge-ft-200k,L,6000,vit_raw,proprio_seq_dtw,110,0.071945,0.0549
openvla-7b-bridge-ft-200k,L,6000,vit_raw,proprio_seq_dtw,150,0.083717,0.0608
openvla-7b-bridge-ft-200k,L,6000,vit_raw,proprio_seq_dtw,220,0.095635,0.068967
openvla-7b-bridge-ft-200k,L,6000,pre_llm,proprio_seq_dtw,1,0.028059,0.026333
openvla-7b-bridge-ft-200k,L,6000,pre_llm,proprio_seq_dtw,3,0.028149,0.026833
openvla-7b-bridge-ft-200k,L,6000,pre_llm,proprio_seq_dtw,7,0.029615,0.027683
openvla-7b-bridge-ft-200k,L,6000,pre_llm,proprio_seq_dtw,15,0.032762,0.029517
openvla-7b-bridge-ft-200k,L,6000,pre_llm,proprio_seq_dtw,25,0.03584,0.031833
openvla-7b-bridge-ft-200k,L,6000,pre_llm,proprio_seq_dtw,40,0.043019,0.037267
openvla-7b-bridge-ft-200k,L,6000,pre_llm,proprio_seq_dtw,75,0.057093,0.046583
openvla-7b-bridge-ft-200k,L,6000,pre_llm,proprio_seq_dtw,110,0.069862,0.054017
openvla-7b-bridge-ft-200k,L,6000,pre_llm,proprio_seq_dtw,150,0.081268,0.059667
openvla-7b-bridge-ft-200k,L,6000,pre_llm,proprio_seq_dtw,220,0.093287,0.067217
openvla-7b-bridge-ft-200k,L,6000,pre_llm_txt,proprio_seq_dtw,1,0.008764,0.00925
openvla-7b-bridge-ft-200k,L,6000,pre_llm_txt,proprio_seq_dtw,3,0.008979,0.009533
openvla-7b-bridge-ft-200k,L,6000,pre_llm_txt,proprio_seq_dtw,7,0.009732,0.010017
openvla-7b-bridge-ft-200k,L,6000,pre_llm_txt,proprio_seq_dtw,15,0.010861,0.011083
openvla-7b-bridge-ft-200k,L,6000,pre_llm_txt,proprio_seq_dtw,25,0.0122,0.01205
openvla-7b-bridge-ft-200k,L,6000,pre_llm_txt,proprio_seq_dtw,40,0.014619,0.014183
openvla-7b-bridge-ft-200k,L,6000,pre_llm_txt,proprio_seq_dtw,75,0.02127,0.018517
openvla-7b-bridge-ft-200k,L,6000,pre_llm_txt,proprio_seq_dtw,110,0.02704,0.023
openvla-7b-bridge-ft-200k,L,6000,pre_llm_txt,proprio_seq_dtw,150,0.03223,0.026717
openvla-7b-bridge-ft-200k,L,6000,pre_llm_txt,proprio_seq_dtw,220,0.038225,0.0303
openvla-7b-bridge-ft-200k,L,6000,pre_llm_vt,proprio_seq_dtw,1,0.028057,0.026333
openvla-7b-bridge-ft-200k,L,6000,pre_llm_vt,proprio_seq_dtw,3,0.028147,0.026833
openvla-7b-bridge-ft-200k,L,6000,pre_llm_vt,proprio_seq_dtw,7,0.029557,0.027667
openvla-7b-bridge-ft-200k,L,6000,pre_llm_vt,proprio_seq_dtw,15,0.032703,0.029483
openvla-7b-bridge-ft-200k,L,6000,pre_llm_vt,proprio_seq_dtw,25,0.03578,0.031817
openvla-7b-bridge-ft-200k,L,6000,pre_llm_vt,proprio_seq_dtw,40,0.042956,0.03725
openvla-7b-bridge-ft-200k,L,6000,pre_llm_vt,proprio_seq_dtw,75,0.057025,0.04655
openvla-7b-bridge-ft-200k,L,6000,pre_llm_vt,proprio_seq_dtw,110,0.069859,0.054017
openvla-7b-bridge-ft-200k,L,6000,pre_llm_vt,proprio_seq_dtw,150,0.081264,0.05965
openvla-7b-bridge-ft-200k,L,6000,pre_llm_vt,proprio_seq_dtw,220,0.093353,0.067233
openvla-7b-bridge-ft-200k,L,6000,img,proprio_seq_dtw,1,0.029704,0.0266
openvla-7b-bridge-ft-200k,L,6000,img,proprio_seq_dtw,3,0.029882,0.027
openvla-7b-bridge-ft-200k,L,6000,img,proprio_seq_dtw,7,0.031058,0.0279
openvla-7b-bridge-ft-200k,L,6000,img,proprio_seq_dtw,15,0.034695,0.030017
openvla-7b-bridge-ft-200k,L,6000,img,proprio_seq_dtw,25,0.038683,0.032267
openvla-7b-bridge-ft-200k,L,6000,img,proprio_seq_dtw,40,0.045912,0.037517
openvla-7b-bridge-ft-200k,L,6000,img,proprio_seq_dtw,75,0.060566,0.046033
openvla-7b-bridge-ft-200k,L,6000,img,proprio_seq_dtw,110,0.073268,0.0532
openvla-7b-bridge-ft-200k,L,6000,img,proprio_seq_dtw,150,0.084581,0.05865
openvla-7b-bridge-ft-200k,L,6000,img,proprio_seq_dtw,220,0.095656,0.06455
openvla-7b-bridge-ft-200k,L,6000,txt,proprio_seq_dtw,1,0.024717,0.018517
openvla-7b-bridge-ft-200k,L,6000,txt,proprio_seq_dtw,3,0.024912,0.018233
openvla-7b-bridge-ft-200k,L,6000,txt,proprio_seq_dtw,7,0.026226,0.018783
openvla-7b-bridge-ft-200k,L,6000,txt,proprio_seq_dtw,15,0.0299,0.020167
openvla-7b-bridge-ft-200k,L,6000,txt,proprio_seq_dtw,25,0.03161,0.021317
openvla-7b-bridge-ft-200k,L,6000,txt,proprio_seq_dtw,40,0.038423,0.023967
openvla-7b-bridge-ft-200k,L,6000,txt,proprio_seq_dtw,75,0.049592,0.029533
openvla-7b-bridge-ft-200k,L,6000,txt,proprio_seq_dtw,110,0.058173,0.033433
openvla-7b-bridge-ft-200k,L,6000,txt,proprio_seq_dtw,150,0.063758,0.036467
openvla-7b-bridge-ft-200k,L,6000,txt,proprio_seq_dtw,220,0.071913,0.04
openvla-7b-bridge-ft-200k,L,6000,imgtext,proprio_seq_dtw,1,0.029953,0.026733
openvla-7b-bridge-ft-200k,L,6000,imgtext,proprio_seq_dtw,3,0.030071,0.027067
openvla-7b-bridge-ft-200k,L,6000,imgtext,proprio_seq_dtw,7,0.031375,0.027983
openvla-7b-bridge-ft-200k,L,6000,imgtext,proprio_seq_dtw,15,0.035172,0.03005
openvla-7b-bridge-ft-200k,L,6000,imgtext,proprio_seq_dtw,25,0.038879,0.032167
openvla-7b-bridge-ft-200k,L,6000,imgtext,proprio_seq_dtw,40,0.046687,0.037583
openvla-7b-bridge-ft-200k,L,6000,imgtext,proprio_seq_dtw,75,0.06128,0.046267
openvla-7b-bridge-ft-200k,L,6000,imgtext,proprio_seq_dtw,110,0.073807,0.053317
openvla-7b-bridge-ft-200k,L,6000,imgtext,proprio_seq_dtw,150,0.084976,0.058617
openvla-7b-bridge-ft-200k,L,6000,imgtext,proprio_seq_dtw,220,0.096202,0.06445
pi0-lerobot-bridge,L,6000,vit_raw,proprio_seq_dtw,1,0.017029,0.014633
pi0-lerobot-bridge,L,6000,vit_raw,proprio_seq_dtw,3,0.017044,0.014817
pi0-lerobot-bridge,L,6000,vit_raw,proprio_seq_dtw,7,0.017614,0.01555
pi0-lerobot-bridge,L,6000,vit_raw,proprio_seq_dtw,15,0.019832,0.0169
pi0-lerobot-bridge,L,6000,vit_raw,proprio_seq_dtw,25,0.021758,0.018483
pi0-lerobot-bridge,L,6000,vit_raw,proprio_seq_dtw,40,0.025702,0.021083
pi0-lerobot-bridge,L,6000,vit_raw,proprio_seq_dtw,75,0.033419,0.026267
pi0-lerobot-bridge,L,6000,vit_raw,proprio_seq_dtw,110,0.044618,0.03175
pi0-lerobot-bridge,L,6000,vit_raw,proprio_seq_dtw,150,0.052123,0.037017
pi0-lerobot-bridge,L,6000,vit_raw,proprio_seq_dtw,220,0.062105,0.042317
pi0-lerobot-bridge,L,6000,pre_llm,proprio_seq_dtw,1,0.016875,0.014517
pi0-lerobot-bridge,L,6000,pre_llm,proprio_seq_dtw,3,0.017067,0.014667
pi0-lerobot-bridge,L,6000,pre_llm,proprio_seq_dtw,7,0.017816,0.015467
pi0-lerobot-bridge,L,6000,pre_llm,proprio_seq_dtw,15,0.020101,0.016883
pi0-lerobot-bridge,L,6000,pre_llm,proprio_seq_dtw,25,0.02185,0.018467
pi0-lerobot-bridge,L,6000,pre_llm,proprio_seq_dtw,40,0.025672,0.021083
pi0-lerobot-bridge,L,6000,pre_llm,proprio_seq_dtw,75,0.033126,0.026117
pi0-lerobot-bridge,L,6000,pre_llm,proprio_seq_dtw,110,0.0444,0.031683
pi0-lerobot-bridge,L,6000,pre_llm,proprio_seq_dtw,150,0.05205,0.036933
pi0-lerobot-bridge,L,6000,pre_llm,proprio_seq_dtw,220,0.061589,0.04205
pi0-lerobot-bridge,L,6000,pre_llm_txt,proprio_seq_dtw,1,0.00808,0.00845
pi0-lerobot-bridge,L,6000,pre_llm_txt,proprio_seq_dtw,3,0.008327,0.008467
pi0-lerobot-bridge,L,6000,pre_llm_txt,proprio_seq_dtw,7,0.008987,0.008883
pi0-lerobot-bridge,L,6000,pre_llm_txt,proprio_seq_dtw,15,0.010361,0.00995
pi0-lerobot-bridge,L,6000,pre_llm_txt,proprio_seq_dtw,25,0.011343,0.010783
pi0-lerobot-bridge,L,6000,pre_llm_txt,proprio_seq_dtw,40,0.013802,0.012917
pi0-lerobot-bridge,L,6000,pre_llm_txt,proprio_seq_dtw,75,0.018651,0.016067
pi0-lerobot-bridge,L,6000,pre_llm_txt,proprio_seq_dtw,110,0.022832,0.0194
pi0-lerobot-bridge,L,6000,pre_llm_txt,proprio_seq_dtw,150,0.027635,0.022117
pi0-lerobot-bridge,L,6000,pre_llm_txt,proprio_seq_dtw,220,0.03321,0.025583
pi0-lerobot-bridge,L,6000,pre_llm_vt,proprio_seq_dtw,1,0.016961,0.01475
pi0-lerobot-bridge,L,6000,pre_llm_vt,proprio_seq_dtw,3,0.017213,0.01495
pi0-lerobot-bridge,L,6000,pre_llm_vt,proprio_seq_dtw,7,0.018026,0.01575
pi0-lerobot-bridge,L,6000,pre_llm_vt,proprio_seq_dtw,15,0.020264,0.017017
pi0-lerobot-bridge,L,6000,pre_llm_vt,proprio_seq_dtw,25,0.022024,0.018583
pi0-lerobot-bridge,L,6000,pre_llm_vt,proprio_seq_dtw,40,0.025998,0.02135
pi0-lerobot-bridge,L,6000,pre_llm_vt,proprio_seq_dtw,75,0.034044,0.026517
pi0-lerobot-bridge,L,6000,pre_llm_vt,proprio_seq_dtw,110,0.045258,0.03225
pi0-lerobot-bridge,L,6000,pre_llm_vt,proprio_seq_dtw,150,0.053186,0.037567
pi0-lerobot-bridge,L,6000,pre_llm_vt,proprio_seq_dtw,220,0.062508,0.0426
pi0-lerobot-bridge,L,6000,img,proprio_seq_dtw,1,0.016528,0.014133
pi0-lerobot-bridge,L,6000,img,proprio_seq_dtw,3,0.016788,0.014383
pi0-lerobot-bridge,L,6000,img,proprio_seq_dtw,7,0.017369,0.015083
pi0-lerobot-bridge,L,6000,img,proprio_seq_dtw,15,0.020047,0.0165
pi0-lerobot-bridge,L,6000,img,proprio_seq_dtw,25,0.021625,0.01825
pi0-lerobot-bridge,L,6000,img,proprio_seq_dtw,40,0.02547,0.021017
pi0-lerobot-bridge,L,6000,img,proprio_seq_dtw,75,0.033391,0.025783
pi0-lerobot-bridge,L,6000,img,proprio_seq_dtw,110,0.044114,0.03135
pi0-lerobot-bridge,L,6000,img,proprio_seq_dtw,150,0.052781,0.036683
pi0-lerobot-bridge,L,6000,img,proprio_seq_dtw,220,0.060965,0.04125
pi0-lerobot-bridge,L,6000,txt,proprio_seq_dtw,1,0.014463,0.0135
pi0-lerobot-bridge,L,6000,txt,proprio_seq_dtw,3,0.014917,0.0137
pi0-lerobot-bridge,L,6000,txt,proprio_seq_dtw,7,0.016075,0.014483
pi0-lerobot-bridge,L,6000,txt,proprio_seq_dtw,15,0.018684,0.016067
pi0-lerobot-bridge,L,6000,txt,proprio_seq_dtw,25,0.020829,0.01755
pi0-lerobot-bridge,L,6000,txt,proprio_seq_dtw,40,0.024498,0.02
pi0-lerobot-bridge,L,6000,txt,proprio_seq_dtw,75,0.033267,0.02565
pi0-lerobot-bridge,L,6000,txt,proprio_seq_dtw,110,0.043298,0.030933
pi0-lerobot-bridge,L,6000,txt,proprio_seq_dtw,150,0.051801,0.036383
pi0-lerobot-bridge,L,6000,txt,proprio_seq_dtw,220,0.060735,0.041967
pi0-lerobot-bridge,L,6000,imgtext,proprio_seq_dtw,1,0.016559,0.014133
pi0-lerobot-bridge,L,6000,imgtext,proprio_seq_dtw,3,0.016817,0.0144
pi0-lerobot-bridge,L,6000,imgtext,proprio_seq_dtw,7,0.017397,0.015083
pi0-lerobot-bridge,L,6000,imgtext,proprio_seq_dtw,15,0.020072,0.016517
pi0-lerobot-bridge,L,6000,imgtext,proprio_seq_dtw,25,0.021649,0.01825
pi0-lerobot-bridge,L,6000,imgtext,proprio_seq_dtw,40,0.025493,0.021
pi0-lerobot-bridge,L,6000,imgtext,proprio_seq_dtw,75,0.033398,0.025867
pi0-lerobot-bridge,L,6000,imgtext,proprio_seq_dtw,110,0.044183,0.031417
pi0-lerobot-bridge,L,6000,imgtext,proprio_seq_dtw,150,0.052904,0.036767
pi0-lerobot-bridge,L,6000,imgtext,proprio_seq_dtw,220,0.061008,0.041283
spatialvla-sft-bridge,L,6000,vit_raw,proprio_seq_dtw,1,0.025716,0.023167
spatialvla-sft-bridge,L,6000,vit_raw,proprio_seq_dtw,3,0.025466,0.0234
spatialvla-sft-bridge,L,6000,vit_raw,proprio_seq_dtw,7,0.026641,0.024417
spatialvla-sft-bridge,L,6000,vit_raw,proprio_seq_dtw,15,0.0301,0.0264
spatialvla-sft-bridge,L,6000,vit_raw,proprio_seq_dtw,25,0.033362,0.028767
spatialvla-sft-bridge,L,6000,vit_raw,proprio_seq_dtw,40,0.040357,0.03405
spatialvla-sft-bridge,L,6000,vit_raw,proprio_seq_dtw,75,0.053383,0.0426
spatialvla-sft-bridge,L,6000,vit_raw,proprio_seq_dtw,110,0.06675,0.05045
spatialvla-sft-bridge,L,6000,vit_raw,proprio_seq_dtw,150,0.07832,0.057183
spatialvla-sft-bridge,L,6000,vit_raw,proprio_seq_dtw,220,0.093003,0.06585
spatialvla-sft-bridge,L,6000,pre_llm,proprio_seq_dtw,1,0.025002,0.022533
spatialvla-sft-bridge,L,6000,pre_llm,proprio_seq_dtw,3,0.024861,0.022683
spatialvla-sft-bridge,L,6000,pre_llm,proprio_seq_dtw,7,0.026292,0.023467
spatialvla-sft-bridge,L,6000,pre_llm,proprio_seq_dtw,15,0.029693,0.02535
spatialvla-sft-bridge,L,6000,pre_llm,proprio_seq_dtw,25,0.032681,0.0275
spatialvla-sft-bridge,L,6000,pre_llm,proprio_seq_dtw,40,0.03947,0.03275
spatialvla-sft-bridge,L,6000,pre_llm,proprio_seq_dtw,75,0.051773,0.040617
spatialvla-sft-bridge,L,6000,pre_llm,proprio_seq_dtw,110,0.065409,0.048583
spatialvla-sft-bridge,L,6000,pre_llm,proprio_seq_dtw,150,0.076282,0.054367
spatialvla-sft-bridge,L,6000,pre_llm,proprio_seq_dtw,220,0.09078,0.062867
spatialvla-sft-bridge,L,6000,pre_llm_txt,proprio_seq_dtw,1,0.008189,0.008533
spatialvla-sft-bridge,L,6000,pre_llm_txt,proprio_seq_dtw,3,0.008139,0.008533
spatialvla-sft-bridge,L,6000,pre_llm_txt,proprio_seq_dtw,7,0.008668,0.008817
spatialvla-sft-bridge,L,6000,pre_llm_txt,proprio_seq_dtw,15,0.009599,0.010167
spatialvla-sft-bridge,L,6000,pre_llm_txt,proprio_seq_dtw,25,0.010884,0.010833
spatialvla-sft-bridge,L,6000,pre_llm_txt,proprio_seq_dtw,40,0.013633,0.012633
spatialvla-sft-bridge,L,6000,pre_llm_txt,proprio_seq_dtw,75,0.018781,0.0166
spatialvla-sft-bridge,L,6000,pre_llm_txt,proprio_seq_dtw,110,0.023841,0.02015
spatialvla-sft-bridge,L,6000,pre_llm_txt,proprio_seq_dtw,150,0.028219,0.023
spatialvla-sft-bridge,L,6000,pre_llm_txt,proprio_seq_dtw,220,0.033168,0.026083
spatialvla-sft-bridge,L,6000,pre_llm_vt,proprio_seq_dtw,1,0.02515,0.022433
spatialvla-sft-bridge,L,6000,pre_llm_vt,proprio_seq_dtw,3,0.024889,0.022633
spatialvla-sft-bridge,L,6000,pre_llm_vt,proprio_seq_dtw,7,0.026502,0.023517
spatialvla-sft-bridge,L,6000,pre_llm_vt,proprio_seq_dtw,15,0.029565,0.0253
spatialvla-sft-bridge,L,6000,pre_llm_vt,proprio_seq_dtw,25,0.032374,0.0274
spatialvla-sft-bridge,L,6000,pre_llm_vt,proprio_seq_dtw,40,0.039557,0.032583
spatialvla-sft-bridge,L,6000,pre_llm_vt,proprio_seq_dtw,75,0.052296,0.041067
spatialvla-sft-bridge,L,6000,pre_llm_vt,proprio_seq_dtw,110,0.065797,0.04885
spatialvla-sft-bridge,L,6000,pre_llm_vt,proprio_seq_dtw,150,0.076987,0.054817
spatialvla-sft-bridge,L,6000,pre_llm_vt,proprio_seq_dtw,220,0.091108,0.063333
spatialvla-sft-bridge,L,6000,img,proprio_seq_dtw,1,0.0216,0.01615
spatialvla-sft-bridge,L,6000,img,proprio_seq_dtw,3,0.022046,0.016533
spatialvla-sft-bridge,L,6000,img,proprio_seq_dtw,7,0.021941,0.016617
spatialvla-sft-bridge,L,6000,img,proprio_seq_dtw,15,0.024521,0.018183
spatialvla-sft-bridge,L,6000,img,proprio_seq_dtw,25,0.026354,0.019533
spatialvla-sft-bridge,L,6000,img,proprio_seq_dtw,40,0.033045,0.022883
spatialvla-sft-bridge,L,6000,img,proprio_seq_dtw,75,0.044897,0.02905
spatialvla-sft-bridge,L,6000,img,proprio_seq_dtw,110,0.055161,0.034767
spatialvla-sft-bridge,L,6000,img,proprio_seq_dtw,150,0.064317,0.038683
spatialvla-sft-bridge,L,6000,img,proprio_seq_dtw,220,0.074763,0.043833
spatialvla-sft-bridge,L,6000,txt,proprio_seq_dtw,1,0.01374,0.01225
spatialvla-sft-bridge,L,6000,txt,proprio_seq_dtw,3,0.014246,0.012483
spatialvla-sft-bridge,L,6000,txt,proprio_seq_dtw,7,0.014461,0.01275
spatialvla-sft-bridge,L,6000,txt,proprio_seq_dtw,15,0.015797,0.013817
spatialvla-sft-bridge,L,6000,txt,proprio_seq_dtw,25,0.017398,0.015033
spatialvla-sft-bridge,L,6000,txt,proprio_seq_dtw,40,0.022109,0.0175
spatialvla-sft-bridge,L,6000,txt,proprio_seq_dtw,75,0.029974,0.0224
spatialvla-sft-bridge,L,6000,txt,proprio_seq_dtw,110,0.036081,0.026283
spatialvla-sft-bridge,L,6000,txt,proprio_seq_dtw,150,0.042565,0.029767
spatialvla-sft-bridge,L,6000,txt,proprio_seq_dtw,220,0.048713,0.033867
spatialvla-sft-bridge,L,6000,imgtext,proprio_seq_dtw,1,0.021064,0.015783
spatialvla-sft-bridge,L,6000,imgtext,proprio_seq_dtw,3,0.021507,0.016233
spatialvla-sft-bridge,L,6000,imgtext,proprio_seq_dtw,7,0.02173,0.01635
spatialvla-sft-bridge,L,6000,imgtext,proprio_seq_dtw,15,0.024208,0.017767
spatialvla-sft-bridge,L,6000,imgtext,proprio_seq_dtw,25,0.026031,0.019233
spatialvla-sft-bridge,L,6000,imgtext,proprio_seq_dtw,40,0.032943,0.022583
spatialvla-sft-bridge,L,6000,imgtext,proprio_seq_dtw,75,0.044434,0.0286
spatialvla-sft-bridge,L,6000,imgtext,proprio_seq_dtw,110,0.054344,0.034417
spatialvla-sft-bridge,L,6000,imgtext,proprio_seq_dtw,150,0.062541,0.038317
spatialvla-sft-bridge,L,6000,imgtext,proprio_seq_dtw,220,0.073486,0.0433
vidar_3cam_modeB,L,6000,vit_raw,proprio_seq_dtw,1,0.005158,0.005617
vidar_3cam_modeB,L,6000,vit_raw,proprio_seq_dtw,3,0.005017,0.005567
vidar_3cam_modeB,L,6000,vit_raw,proprio_seq_dtw,7,0.005123,0.00585
vidar_3cam_modeB,L,6000,vit_raw,proprio_seq_dtw,15,0.00559,0.006067
vidar_3cam_modeB,L,6000,vit_raw,proprio_seq_dtw,25,0.005672,0.006317
vidar_3cam_modeB,L,6000,vit_raw,proprio_seq_dtw,40,0.006333,0.006683
vidar_3cam_modeB,L,6000,vit_raw,proprio_seq_dtw,75,0.008558,0.008133
vidar_3cam_modeB,L,6000,vit_raw,proprio_seq_dtw,110,0.01042,0.009133
vidar_3cam_modeB,L,6000,vit_raw,proprio_seq_dtw,150,0.011299,0.009583
vidar_3cam_modeB,L,6000,vit_raw,proprio_seq_dtw,220,0.012864,0.010217
vlm4vla-qwen25vl3b-bridge-freezevis,L,6000,vit_raw,proprio_seq_dtw,1,0.023066,0.020083
vlm4vla-qwen25vl3b-bridge-freezevis,L,6000,vit_raw,proprio_seq_dtw,3,0.022927,0.020383
vlm4vla-qwen25vl3b-bridge-freezevis,L,6000,vit_raw,proprio_seq_dtw,7,0.024065,0.02115
vlm4vla-qwen25vl3b-bridge-freezevis,L,6000,vit_raw,proprio_seq_dtw,15,0.026659,0.0227
vlm4vla-qwen25vl3b-bridge-freezevis,L,6000,vit_raw,proprio_seq_dtw,25,0.029849,0.024817
vlm4vla-qwen25vl3b-bridge-freezevis,L,6000,vit_raw,proprio_seq_dtw,40,0.034384,0.0285
vlm4vla-qwen25vl3b-bridge-freezevis,L,6000,vit_raw,proprio_seq_dtw,75,0.046683,0.0366
vlm4vla-qwen25vl3b-bridge-freezevis,L,6000,vit_raw,proprio_seq_dtw,110,0.059697,0.043417
vlm4vla-qwen25vl3b-bridge-freezevis,L,6000,vit_raw,proprio_seq_dtw,150,0.069968,0.048767
vlm4vla-qwen25vl3b-bridge-freezevis,L,6000,vit_raw,proprio_seq_dtw,220,0.07817,0.054733
vlm4vla-qwen25vl3b-bridge-freezevis,L,6000,pre_llm,proprio_seq_dtw,1,0.02238,0.020017
vlm4vla-qwen25vl3b-bridge-freezevis,L,6000,pre_llm,proprio_seq_dtw,3,0.02234,0.02045
vlm4vla-qwen25vl3b-bridge-freezevis,L,6000,pre_llm,proprio_seq_dtw,7,0.023719,0.021367
vlm4vla-qwen25vl3b-bridge-freezevis,L,6000,pre_llm,proprio_seq_dtw,15,0.026595,0.02285
vlm4vla-qwen25vl3b-bridge-freezevis,L,6000,pre_llm,proprio_seq_dtw,25,0.02954,0.024817
vlm4vla-qwen25vl3b-bridge-freezevis,L,6000,pre_llm,proprio_seq_dtw,40,0.034037,0.028633
vlm4vla-qwen25vl3b-bridge-freezevis,L,6000,pre_llm,proprio_seq_dtw,75,0.046044,0.036567
vlm4vla-qwen25vl3b-bridge-freezevis,L,6000,pre_llm,proprio_seq_dtw,110,0.060046,0.043733
vlm4vla-qwen25vl3b-bridge-freezevis,L,6000,pre_llm,proprio_seq_dtw,150,0.069402,0.0489
vlm4vla-qwen25vl3b-bridge-freezevis,L,6000,pre_llm,proprio_seq_dtw,220,0.078284,0.0552
vlm4vla-qwen25vl3b-bridge-freezevis,L,6000,pre_llm_txt,proprio_seq_dtw,1,0.007214,0.008017
vlm4vla-qwen25vl3b-bridge-freezevis,L,6000,pre_llm_txt,proprio_seq_dtw,3,0.007293,0.008017
vlm4vla-qwen25vl3b-bridge-freezevis,L,6000,pre_llm_txt,proprio_seq_dtw,7,0.007988,0.00835
vlm4vla-qwen25vl3b-bridge-freezevis,L,6000,pre_llm_txt,proprio_seq_dtw,15,0.009302,0.009733
vlm4vla-qwen25vl3b-bridge-freezevis,L,6000,pre_llm_txt,proprio_seq_dtw,25,0.010402,0.0106
vlm4vla-qwen25vl3b-bridge-freezevis,L,6000,pre_llm_txt,proprio_seq_dtw,40,0.013064,0.012517
vlm4vla-qwen25vl3b-bridge-freezevis,L,6000,pre_llm_txt,proprio_seq_dtw,75,0.017769,0.015817
vlm4vla-qwen25vl3b-bridge-freezevis,L,6000,pre_llm_txt,proprio_seq_dtw,110,0.022907,0.019067
vlm4vla-qwen25vl3b-bridge-freezevis,L,6000,pre_llm_txt,proprio_seq_dtw,150,0.026716,0.021133
vlm4vla-qwen25vl3b-bridge-freezevis,L,6000,pre_llm_txt,proprio_seq_dtw,220,0.031814,0.024683
vlm4vla-qwen25vl3b-bridge-freezevis,L,6000,pre_llm_vt,proprio_seq_dtw,1,0.022377,0.02
vlm4vla-qwen25vl3b-bridge-freezevis,L,6000,pre_llm_vt,proprio_seq_dtw,3,0.022338,0.020433
vlm4vla-qwen25vl3b-bridge-freezevis,L,6000,pre_llm_vt,proprio_seq_dtw,7,0.023716,0.021367
vlm4vla-qwen25vl3b-bridge-freezevis,L,6000,pre_llm_vt,proprio_seq_dtw,15,0.026592,0.02285
vlm4vla-qwen25vl3b-bridge-freezevis,L,6000,pre_llm_vt,proprio_seq_dtw,25,0.029537,0.024817
vlm4vla-qwen25vl3b-bridge-freezevis,L,6000,pre_llm_vt,proprio_seq_dtw,40,0.034033,0.028633
vlm4vla-qwen25vl3b-bridge-freezevis,L,6000,pre_llm_vt,proprio_seq_dtw,75,0.046038,0.036567
vlm4vla-qwen25vl3b-bridge-freezevis,L,6000,pre_llm_vt,proprio_seq_dtw,110,0.060039,0.043733
vlm4vla-qwen25vl3b-bridge-freezevis,L,6000,pre_llm_vt,proprio_seq_dtw,150,0.069394,0.048883
vlm4vla-qwen25vl3b-bridge-freezevis,L,6000,pre_llm_vt,proprio_seq_dtw,220,0.078275,0.055183
vlm4vla-qwen25vl3b-bridge-freezevis,L,6000,img,proprio_seq_dtw,1,0.013002,0.011367
vlm4vla-qwen25vl3b-bridge-freezevis,L,6000,img,proprio_seq_dtw,3,0.012632,0.011417
vlm4vla-qwen25vl3b-bridge-freezevis,L,6000,img,proprio_seq_dtw,7,0.013277,0.011933
vlm4vla-qwen25vl3b-bridge-freezevis,L,6000,img,proprio_seq_dtw,15,0.015034,0.013017
vlm4vla-qwen25vl3b-bridge-freezevis,L,6000,img,proprio_seq_dtw,25,0.016997,0.013933
vlm4vla-qwen25vl3b-bridge-freezevis,L,6000,img,proprio_seq_dtw,40,0.019849,0.015933
vlm4vla-qwen25vl3b-bridge-freezevis,L,6000,img,proprio_seq_dtw,75,0.02527,0.019233
vlm4vla-qwen25vl3b-bridge-freezevis,L,6000,img,proprio_seq_dtw,110,0.032274,0.022483
vlm4vla-qwen25vl3b-bridge-freezevis,L,6000,img,proprio_seq_dtw,150,0.037408,0.025533
vlm4vla-qwen25vl3b-bridge-freezevis,L,6000,img,proprio_seq_dtw,220,0.041393,0.02835
vlm4vla-qwen25vl3b-bridge-freezevis,L,6000,txt,proprio_seq_dtw,1,0.007511,0.006917
vlm4vla-qwen25vl3b-bridge-freezevis,L,6000,txt,proprio_seq_dtw,3,0.007439,0.006967
vlm4vla-qwen25vl3b-bridge-freezevis,L,6000,txt,proprio_seq_dtw,7,0.007324,0.007
vlm4vla-qwen25vl3b-bridge-freezevis,L,6000,txt,proprio_seq_dtw,15,0.007949,0.0076
vlm4vla-qwen25vl3b-bridge-freezevis,L,6000,txt,proprio_seq_dtw,25,0.008339,0.008067
vlm4vla-qwen25vl3b-bridge-freezevis,L,6000,txt,proprio_seq_dtw,40,0.009899,0.009267
vlm4vla-qwen25vl3b-bridge-freezevis,L,6000,txt,proprio_seq_dtw,75,0.014735,0.012217
vlm4vla-qwen25vl3b-bridge-freezevis,L,6000,txt,proprio_seq_dtw,110,0.018148,0.014517
vlm4vla-qwen25vl3b-bridge-freezevis,L,6000,txt,proprio_seq_dtw,150,0.020872,0.016167
vlm4vla-qwen25vl3b-bridge-freezevis,L,6000,txt,proprio_seq_dtw,220,0.025332,0.0182
vlm4vla-qwen25vl3b-bridge-freezevis,L,6000,imgtext,proprio_seq_dtw,1,0.014306,0.011683
vlm4vla-qwen25vl3b-bridge-freezevis,L,6000,imgtext,proprio_seq_dtw,3,0.014117,0.0115
vlm4vla-qwen25vl3b-bridge-freezevis,L,6000,imgtext,proprio_seq_dtw,7,0.014399,0.011983
vlm4vla-qwen25vl3b-bridge-freezevis,L,6000,imgtext,proprio_seq_dtw,15,0.015777,0.012883
vlm4vla-qwen25vl3b-bridge-freezevis,L,6000,imgtext,proprio_seq_dtw,25,0.016575,0.013383
vlm4vla-qwen25vl3b-bridge-freezevis,L,6000,imgtext,proprio_seq_dtw,40,0.0191,0.015067
vlm4vla-qwen25vl3b-bridge-freezevis,L,6000,imgtext,proprio_seq_dtw,75,0.02579,0.019483
vlm4vla-qwen25vl3b-bridge-freezevis,L,6000,imgtext,proprio_seq_dtw,110,0.032591,0.023117
vlm4vla-qwen25vl3b-bridge-freezevis,L,6000,imgtext,proprio_seq_dtw,150,0.039019,0.026183
vlm4vla-qwen25vl3b-bridge-freezevis,L,6000,imgtext,proprio_seq_dtw,220,0.043544,0.0293
vlm4vla-qwen25vl3b-bridge-step10k,L,6000,vit_raw,proprio_seq_dtw,1,0.023667,0.0216
vlm4vla-qwen25vl3b-bridge-step10k,L,6000,vit_raw,proprio_seq_dtw,3,0.023431,0.021767
vlm4vla-qwen25vl3b-bridge-step10k,L,6000,vit_raw,proprio_seq_dtw,7,0.024924,0.022917
vlm4vla-qwen25vl3b-bridge-step10k,L,6000,vit_raw,proprio_seq_dtw,15,0.02803,0.02485
vlm4vla-qwen25vl3b-bridge-step10k,L,6000,vit_raw,proprio_seq_dtw,25,0.030979,0.026667
vlm4vla-qwen25vl3b-bridge-step10k,L,6000,vit_raw,proprio_seq_dtw,40,0.036929,0.031317
vlm4vla-qwen25vl3b-bridge-step10k,L,6000,vit_raw,proprio_seq_dtw,75,0.050558,0.039683
vlm4vla-qwen25vl3b-bridge-step10k,L,6000,vit_raw,proprio_seq_dtw,110,0.063448,0.046967
vlm4vla-qwen25vl3b-bridge-step10k,L,6000,vit_raw,proprio_seq_dtw,150,0.07568,0.05335
vlm4vla-qwen25vl3b-bridge-step10k,L,6000,vit_raw,proprio_seq_dtw,220,0.090521,0.0625
vlm4vla-qwen25vl3b-bridge-step10k,L,6000,pre_llm,proprio_seq_dtw,1,0.02351,0.021167
vlm4vla-qwen25vl3b-bridge-step10k,L,6000,pre_llm,proprio_seq_dtw,3,0.023196,0.02135
vlm4vla-qwen25vl3b-bridge-step10k,L,6000,pre_llm,proprio_seq_dtw,7,0.02469,0.022633
vlm4vla-qwen25vl3b-bridge-step10k,L,6000,pre_llm,proprio_seq_dtw,15,0.027499,0.024183
vlm4vla-qwen25vl3b-bridge-step10k,L,6000,pre_llm,proprio_seq_dtw,25,0.030269,0.025967
vlm4vla-qwen25vl3b-bridge-step10k,L,6000,pre_llm,proprio_seq_dtw,40,0.036552,0.030667
vlm4vla-qwen25vl3b-bridge-step10k,L,6000,pre_llm,proprio_seq_dtw,75,0.049566,0.038533
vlm4vla-qwen25vl3b-bridge-step10k,L,6000,pre_llm,proprio_seq_dtw,110,0.062242,0.045633
vlm4vla-qwen25vl3b-bridge-step10k,L,6000,pre_llm,proprio_seq_dtw,150,0.074163,0.052317
vlm4vla-qwen25vl3b-bridge-step10k,L,6000,pre_llm,proprio_seq_dtw,220,0.088198,0.060667
vlm4vla-qwen25vl3b-bridge-step10k,L,6000,pre_llm_txt,proprio_seq_dtw,1,0.007139,0.008133
vlm4vla-qwen25vl3b-bridge-step10k,L,6000,pre_llm_txt,proprio_seq_dtw,3,0.007219,0.0081
vlm4vla-qwen25vl3b-bridge-step10k,L,6000,pre_llm_txt,proprio_seq_dtw,7,0.007838,0.008417
vlm4vla-qwen25vl3b-bridge-step10k,L,6000,pre_llm_txt,proprio_seq_dtw,15,0.009148,0.009767
vlm4vla-qwen25vl3b-bridge-step10k,L,6000,pre_llm_txt,proprio_seq_dtw,25,0.010311,0.01065
vlm4vla-qwen25vl3b-bridge-step10k,L,6000,pre_llm_txt,proprio_seq_dtw,40,0.012667,0.012433
vlm4vla-qwen25vl3b-bridge-step10k,L,6000,pre_llm_txt,proprio_seq_dtw,75,0.017751,0.015817
vlm4vla-qwen25vl3b-bridge-step10k,L,6000,pre_llm_txt,proprio_seq_dtw,110,0.02248,0.019167
vlm4vla-qwen25vl3b-bridge-step10k,L,6000,pre_llm_txt,proprio_seq_dtw,150,0.026185,0.02125
vlm4vla-qwen25vl3b-bridge-step10k,L,6000,pre_llm_txt,proprio_seq_dtw,220,0.031969,0.02485
vlm4vla-qwen25vl3b-bridge-step10k,L,6000,pre_llm_vt,proprio_seq_dtw,1,0.02351,0.021167
vlm4vla-qwen25vl3b-bridge-step10k,L,6000,pre_llm_vt,proprio_seq_dtw,3,0.023196,0.02135
vlm4vla-qwen25vl3b-bridge-step10k,L,6000,pre_llm_vt,proprio_seq_dtw,7,0.02469,0.022633
vlm4vla-qwen25vl3b-bridge-step10k,L,6000,pre_llm_vt,proprio_seq_dtw,15,0.027499,0.024183
vlm4vla-qwen25vl3b-bridge-step10k,L,6000,pre_llm_vt,proprio_seq_dtw,25,0.030269,0.025967
vlm4vla-qwen25vl3b-bridge-step10k,L,6000,pre_llm_vt,proprio_seq_dtw,40,0.036552,0.030667
vlm4vla-qwen25vl3b-bridge-step10k,L,6000,pre_llm_vt,proprio_seq_dtw,75,0.049566,0.038533
vlm4vla-qwen25vl3b-bridge-step10k,L,6000,pre_llm_vt,proprio_seq_dtw,110,0.062242,0.045633
vlm4vla-qwen25vl3b-bridge-step10k,L,6000,pre_llm_vt,proprio_seq_dtw,150,0.074163,0.052317
vlm4vla-qwen25vl3b-bridge-step10k,L,6000,pre_llm_vt,proprio_seq_dtw,220,0.088198,0.060667
vlm4vla-qwen25vl3b-bridge-step10k,L,6000,img,proprio_seq_dtw,1,0.02347,0.02035
vlm4vla-qwen25vl3b-bridge-step10k,L,6000,img,proprio_seq_dtw,3,0.023384,0.0206
vlm4vla-qwen25vl3b-bridge-step10k,L,6000,img,proprio_seq_dtw,7,0.02459,0.021583
vlm4vla-qwen25vl3b-bridge-step10k,L,6000,img,proprio_seq_dtw,15,0.027288,0.022983
vlm4vla-qwen25vl3b-bridge-step10k,L,6000,img,proprio_seq_dtw,25,0.029969,0.024733
vlm4vla-qwen25vl3b-bridge-step10k,L,6000,img,proprio_seq_dtw,40,0.035682,0.028867
vlm4vla-qwen25vl3b-bridge-step10k,L,6000,img,proprio_seq_dtw,75,0.049079,0.036367
vlm4vla-qwen25vl3b-bridge-step10k,L,6000,img,proprio_seq_dtw,110,0.061565,0.04355
vlm4vla-qwen25vl3b-bridge-step10k,L,6000,img,proprio_seq_dtw,150,0.072243,0.049267
vlm4vla-qwen25vl3b-bridge-step10k,L,6000,img,proprio_seq_dtw,220,0.085789,0.057117
vlm4vla-qwen25vl3b-bridge-step10k,L,6000,txt,proprio_seq_dtw,1,0.011609,0.011017
vlm4vla-qwen25vl3b-bridge-step10k,L,6000,txt,proprio_seq_dtw,3,0.012031,0.01125
vlm4vla-qwen25vl3b-bridge-step10k,L,6000,txt,proprio_seq_dtw,7,0.012467,0.0116
vlm4vla-qwen25vl3b-bridge-step10k,L,6000,txt,proprio_seq_dtw,15,0.013658,0.012617
vlm4vla-qwen25vl3b-bridge-step10k,L,6000,txt,proprio_seq_dtw,25,0.014886,0.013933
vlm4vla-qwen25vl3b-bridge-step10k,L,6000,txt,proprio_seq_dtw,40,0.019337,0.016683
vlm4vla-qwen25vl3b-bridge-step10k,L,6000,txt,proprio_seq_dtw,75,0.025727,0.021433
vlm4vla-qwen25vl3b-bridge-step10k,L,6000,txt,proprio_seq_dtw,110,0.033996,0.026067
vlm4vla-qwen25vl3b-bridge-step10k,L,6000,txt,proprio_seq_dtw,150,0.040728,0.0301
vlm4vla-qwen25vl3b-bridge-step10k,L,6000,txt,proprio_seq_dtw,220,0.048477,0.034867
vlm4vla-qwen25vl3b-bridge-step10k,L,6000,imgtext,proprio_seq_dtw,1,0.023129,0.019883
vlm4vla-qwen25vl3b-bridge-step10k,L,6000,imgtext,proprio_seq_dtw,3,0.023157,0.020183
vlm4vla-qwen25vl3b-bridge-step10k,L,6000,imgtext,proprio_seq_dtw,7,0.024462,0.021167
vlm4vla-qwen25vl3b-bridge-step10k,L,6000,imgtext,proprio_seq_dtw,15,0.026821,0.022667
vlm4vla-qwen25vl3b-bridge-step10k,L,6000,imgtext,proprio_seq_dtw,25,0.029497,0.024367
vlm4vla-qwen25vl3b-bridge-step10k,L,6000,imgtext,proprio_seq_dtw,40,0.035175,0.028367
vlm4vla-qwen25vl3b-bridge-step10k,L,6000,imgtext,proprio_seq_dtw,75,0.048138,0.03575
vlm4vla-qwen25vl3b-bridge-step10k,L,6000,imgtext,proprio_seq_dtw,110,0.061382,0.04315
vlm4vla-qwen25vl3b-bridge-step10k,L,6000,imgtext,proprio_seq_dtw,150,0.073291,0.049117
vlm4vla-qwen25vl3b-bridge-step10k,L,6000,imgtext,proprio_seq_dtw,220,0.086127,0.056783
xvla-pt,L,6000,vit_raw,proprio_seq_dtw,1,0.027088,0.024467
xvla-pt,L,6000,vit_raw,proprio_seq_dtw,3,0.026726,0.024833
xvla-pt,L,6000,vit_raw,proprio_seq_dtw,7,0.028377,0.025867
xvla-pt,L,6000,vit_raw,proprio_seq_dtw,15,0.032118,0.0279
xvla-pt,L,6000,vit_raw,proprio_seq_dtw,25,0.035004,0.0302
xvla-pt,L,6000,vit_raw,proprio_seq_dtw,40,0.042499,0.035067
xvla-pt,L,6000,vit_raw,proprio_seq_dtw,75,0.057296,0.044383
xvla-pt,L,6000,vit_raw,proprio_seq_dtw,110,0.070955,0.05225
xvla-pt,L,6000,vit_raw,proprio_seq_dtw,150,0.083684,0.05985
xvla-pt,L,6000,vit_raw,proprio_seq_dtw,220,0.097268,0.0681
xvla-pt,L,6000,pre_llm,proprio_seq_dtw,1,0.027368,0.024417
xvla-pt,L,6000,pre_llm,proprio_seq_dtw,3,0.027067,0.024717
xvla-pt,L,6000,pre_llm,proprio_seq_dtw,7,0.028499,0.02575
xvla-pt,L,6000,pre_llm,proprio_seq_dtw,15,0.032273,0.0279
xvla-pt,L,6000,pre_llm,proprio_seq_dtw,25,0.035587,0.030333
xvla-pt,L,6000,pre_llm,proprio_seq_dtw,40,0.043089,0.0353
xvla-pt,L,6000,pre_llm,proprio_seq_dtw,75,0.057782,0.044433
xvla-pt,L,6000,pre_llm,proprio_seq_dtw,110,0.071443,0.052217
xvla-pt,L,6000,pre_llm,proprio_seq_dtw,150,0.083886,0.059917
xvla-pt,L,6000,pre_llm,proprio_seq_dtw,220,0.098072,0.068233
xvla-pt,L,6000,pre_llm_txt,proprio_seq_dtw,1,0.007744,0.007617
xvla-pt,L,6000,pre_llm_txt,proprio_seq_dtw,3,0.007816,0.00755
xvla-pt,L,6000,pre_llm_txt,proprio_seq_dtw,7,0.008247,0.00795
xvla-pt,L,6000,pre_llm_txt,proprio_seq_dtw,15,0.009377,0.008817
xvla-pt,L,6000,pre_llm_txt,proprio_seq_dtw,25,0.009988,0.009167
xvla-pt,L,6000,pre_llm_txt,proprio_seq_dtw,40,0.011683,0.01115
xvla-pt,L,6000,pre_llm_txt,proprio_seq_dtw,75,0.016777,0.01455
xvla-pt,L,6000,pre_llm_txt,proprio_seq_dtw,110,0.020817,0.0176
xvla-pt,L,6000,pre_llm_txt,proprio_seq_dtw,150,0.024432,0.0202
xvla-pt,L,6000,pre_llm_txt,proprio_seq_dtw,220,0.029295,0.02335
xvla-pt,L,6000,pre_llm_vt,proprio_seq_dtw,1,0.027565,0.024117
xvla-pt,L,6000,pre_llm_vt,proprio_seq_dtw,3,0.027319,0.024417
xvla-pt,L,6000,pre_llm_vt,proprio_seq_dtw,7,0.029051,0.025533
xvla-pt,L,6000,pre_llm_vt,proprio_seq_dtw,15,0.032533,0.027783
xvla-pt,L,6000,pre_llm_vt,proprio_seq_dtw,25,0.035411,0.02995
xvla-pt,L,6000,pre_llm_vt,proprio_seq_dtw,40,0.043279,0.035067
xvla-pt,L,6000,pre_llm_vt,proprio_seq_dtw,75,0.058399,0.04465
xvla-pt,L,6000,pre_llm_vt,proprio_seq_dtw,110,0.07223,0.052433
xvla-pt,L,6000,pre_llm_vt,proprio_seq_dtw,150,0.084673,0.060033
xvla-pt,L,6000,pre_llm_vt,proprio_seq_dtw,220,0.099792,0.06875
xvla-pt,L,6000,img,proprio_seq_dtw,1,0.027899,0.0244
xvla-pt,L,6000,img,proprio_seq_dtw,3,0.027859,0.0248
xvla-pt,L,6000,img,proprio_seq_dtw,7,0.029904,0.02575
xvla-pt,L,6000,img,proprio_seq_dtw,15,0.03325,0.027733
xvla-pt,L,6000,img,proprio_seq_dtw,25,0.037419,0.03055
xvla-pt,L,6000,img,proprio_seq_dtw,40,0.044786,0.03565
xvla-pt,L,6000,img,proprio_seq_dtw,75,0.060844,0.045367
xvla-pt,L,6000,img,proprio_seq_dtw,110,0.075442,0.053567
xvla-pt,L,6000,img,proprio_seq_dtw,150,0.088099,0.061133
xvla-pt,L,6000,img,proprio_seq_dtw,220,0.105568,0.0697
xvla-pt,L,6000,txt,proprio_seq_dtw,1,0.014664,0.01375
xvla-pt,L,6000,txt,proprio_seq_dtw,3,0.014864,0.01415
xvla-pt,L,6000,txt,proprio_seq_dtw,7,0.015278,0.014483
xvla-pt,L,6000,txt,proprio_seq_dtw,15,0.017517,0.016017
xvla-pt,L,6000,txt,proprio_seq_dtw,25,0.018789,0.017317
xvla-pt,L,6000,txt,proprio_seq_dtw,40,0.022795,0.020583
xvla-pt,L,6000,txt,proprio_seq_dtw,75,0.031692,0.02655
xvla-pt,L,6000,txt,proprio_seq_dtw,110,0.040681,0.0319
xvla-pt,L,6000,txt,proprio_seq_dtw,150,0.047799,0.036233
xvla-pt,L,6000,txt,proprio_seq_dtw,220,0.057144,0.041917
xvla-pt,L,6000,imgtext,proprio_seq_dtw,1,0.027435,0.023883
xvla-pt,L,6000,imgtext,proprio_seq_dtw,3,0.027701,0.02435
xvla-pt,L,6000,imgtext,proprio_seq_dtw,7,0.02986,0.025383
xvla-pt,L,6000,imgtext,proprio_seq_dtw,15,0.033206,0.02745
xvla-pt,L,6000,imgtext,proprio_seq_dtw,25,0.037262,0.0303
xvla-pt,L,6000,imgtext,proprio_seq_dtw,40,0.044785,0.035633
xvla-pt,L,6000,imgtext,proprio_seq_dtw,75,0.060793,0.04525
xvla-pt,L,6000,imgtext,proprio_seq_dtw,110,0.075081,0.053167
xvla-pt,L,6000,imgtext,proprio_seq_dtw,150,0.087349,0.060667
xvla-pt,L,6000,imgtext,proprio_seq_dtw,220,0.103876,0.068817
xvla-robotwin2,L,6000,vit_raw,proprio_seq_dtw,1,0.027185,0.024317
xvla-robotwin2,L,6000,vit_raw,proprio_seq_dtw,3,0.027261,0.0244
xvla-robotwin2,L,6000,vit_raw,proprio_seq_dtw,7,0.0288,0.0254
xvla-robotwin2,L,6000,vit_raw,proprio_seq_dtw,15,0.032064,0.027383
xvla-robotwin2,L,6000,vit_raw,proprio_seq_dtw,25,0.035102,0.02935
xvla-robotwin2,L,6000,vit_raw,proprio_seq_dtw,40,0.042241,0.034533
xvla-robotwin2,L,6000,vit_raw,proprio_seq_dtw,75,0.056829,0.043133
xvla-robotwin2,L,6000,vit_raw,proprio_seq_dtw,110,0.068601,0.050667
xvla-robotwin2,L,6000,vit_raw,proprio_seq_dtw,150,0.079833,0.056867
xvla-robotwin2,L,6000,vit_raw,proprio_seq_dtw,220,0.093012,0.064983
xvla-robotwin2,L,6000,pre_llm,proprio_seq_dtw,1,0.026429,0.024017
xvla-robotwin2,L,6000,pre_llm,proprio_seq_dtw,3,0.02662,0.024367
xvla-robotwin2,L,6000,pre_llm,proprio_seq_dtw,7,0.028056,0.025333
xvla-robotwin2,L,6000,pre_llm,proprio_seq_dtw,15,0.031416,0.027333
xvla-robotwin2,L,6000,pre_llm,proprio_seq_dtw,25,0.034541,0.029367
xvla-robotwin2,L,6000,pre_llm,proprio_seq_dtw,40,0.041833,0.034583
xvla-robotwin2,L,6000,pre_llm,proprio_seq_dtw,75,0.056068,0.043083
xvla-robotwin2,L,6000,pre_llm,proprio_seq_dtw,110,0.068677,0.050867
xvla-robotwin2,L,6000,pre_llm,proprio_seq_dtw,150,0.080117,0.057033
xvla-robotwin2,L,6000,pre_llm,proprio_seq_dtw,220,0.093122,0.065167
xvla-robotwin2,L,6000,pre_llm_txt,proprio_seq_dtw,1,0.00763,0.007683
xvla-robotwin2,L,6000,pre_llm_txt,proprio_seq_dtw,3,0.00758,0.0076
xvla-robotwin2,L,6000,pre_llm_txt,proprio_seq_dtw,7,0.00801,0.00805
xvla-robotwin2,L,6000,pre_llm_txt,proprio_seq_dtw,15,0.0092,0.00895
xvla-robotwin2,L,6000,pre_llm_txt,proprio_seq_dtw,25,0.009871,0.009233
xvla-robotwin2,L,6000,pre_llm_txt,proprio_seq_dtw,40,0.011499,0.011217
xvla-robotwin2,L,6000,pre_llm_txt,proprio_seq_dtw,75,0.016587,0.0145
xvla-robotwin2,L,6000,pre_llm_txt,proprio_seq_dtw,110,0.020695,0.017717
xvla-robotwin2,L,6000,pre_llm_txt,proprio_seq_dtw,150,0.024378,0.020217
xvla-robotwin2,L,6000,pre_llm_txt,proprio_seq_dtw,220,0.029465,0.0235
xvla-robotwin2,L,6000,pre_llm_vt,proprio_seq_dtw,1,0.026652,0.02395
xvla-robotwin2,L,6000,pre_llm_vt,proprio_seq_dtw,3,0.026837,0.024183
xvla-robotwin2,L,6000,pre_llm_vt,proprio_seq_dtw,7,0.028252,0.025233
xvla-robotwin2,L,6000,pre_llm_vt,proprio_seq_dtw,15,0.031523,0.027267
xvla-robotwin2,L,6000,pre_llm_vt,proprio_seq_dtw,25,0.034745,0.029283
xvla-robotwin2,L,6000,pre_llm_vt,proprio_seq_dtw,40,0.042141,0.0347
xvla-robotwin2,L,6000,pre_llm_vt,proprio_seq_dtw,75,0.056825,0.043283
xvla-robotwin2,L,6000,pre_llm_vt,proprio_seq_dtw,110,0.069769,0.051083
xvla-robotwin2,L,6000,pre_llm_vt,proprio_seq_dtw,150,0.081259,0.057533
xvla-robotwin2,L,6000,pre_llm_vt,proprio_seq_dtw,220,0.093777,0.065533
xvla-robotwin2,L,6000,img,proprio_seq_dtw,1,0.028468,0.024617
xvla-robotwin2,L,6000,img,proprio_seq_dtw,3,0.028476,0.0249
xvla-robotwin2,L,6000,img,proprio_seq_dtw,7,0.030426,0.026183
xvla-robotwin2,L,6000,img,proprio_seq_dtw,15,0.033787,0.028417
xvla-robotwin2,L,6000,img,proprio_seq_dtw,25,0.037691,0.030783
xvla-robotwin2,L,6000,img,proprio_seq_dtw,40,0.044729,0.035383
xvla-robotwin2,L,6000,img,proprio_seq_dtw,75,0.058856,0.043367
xvla-robotwin2,L,6000,img,proprio_seq_dtw,110,0.070813,0.050317
xvla-robotwin2,L,6000,img,proprio_seq_dtw,150,0.081067,0.055583
xvla-robotwin2,L,6000,img,proprio_seq_dtw,220,0.093474,0.062567
xvla-robotwin2,L,6000,txt,proprio_seq_dtw,1,0.01958,0.017083
xvla-robotwin2,L,6000,txt,proprio_seq_dtw,3,0.019789,0.017417
xvla-robotwin2,L,6000,txt,proprio_seq_dtw,7,0.020232,0.018167
xvla-robotwin2,L,6000,txt,proprio_seq_dtw,15,0.022842,0.01995
xvla-robotwin2,L,6000,txt,proprio_seq_dtw,25,0.024796,0.0213
xvla-robotwin2,L,6000,txt,proprio_seq_dtw,40,0.029044,0.024533
xvla-robotwin2,L,6000,txt,proprio_seq_dtw,75,0.038526,0.030217
xvla-robotwin2,L,6000,txt,proprio_seq_dtw,110,0.047946,0.0354
xvla-robotwin2,L,6000,txt,proprio_seq_dtw,150,0.055805,0.0402
xvla-robotwin2,L,6000,txt,proprio_seq_dtw,220,0.065159,0.045817
xvla-robotwin2,L,6000,imgtext,proprio_seq_dtw,1,0.027974,0.024017
xvla-robotwin2,L,6000,imgtext,proprio_seq_dtw,3,0.028085,0.0242
xvla-robotwin2,L,6000,imgtext,proprio_seq_dtw,7,0.030164,0.025517
xvla-robotwin2,L,6000,imgtext,proprio_seq_dtw,15,0.033544,0.028233
xvla-robotwin2,L,6000,imgtext,proprio_seq_dtw,25,0.036773,0.0304
xvla-robotwin2,L,6000,imgtext,proprio_seq_dtw,40,0.043632,0.035017
xvla-robotwin2,L,6000,imgtext,proprio_seq_dtw,75,0.057561,0.042817
xvla-robotwin2,L,6000,imgtext,proprio_seq_dtw,110,0.069072,0.0496
xvla-robotwin2,L,6000,imgtext,proprio_seq_dtw,150,0.078711,0.054933
xvla-robotwin2,L,6000,imgtext,proprio_seq_dtw,220,0.09181,0.061933
